 Frame Index: 27, Measurement Time(sec): 01.01

0,0,0,0,0,0,0,0,0,0,0,0,0,0,0,0,0,0,0,0,0,0,0,0,0,0,0,0,0,0,0,0,0,0,0,0,0,0,0,0,0,0,0,0,0,0,0,0
0,0,0,0,0,0,0,0,0,0,0,0,0,0,0,0,0,0,0,0,0,0,0,0,0,0,0,0,0,0,0,0,0,0,0,0,0,0,0,0,0,0,0,0,0,0,0,0
0,0,0,0,0,0,0,0,0,0,0,0,0,0,0,0,0,0,0,0,0,0,0,0,0,0,0,0,0,0,0,0,0,0,0,0,0,0,0,0,0,0,0,0,0,0,0,0
0,0,0,0,0,0,0,0,0,0,0,0,0,0,0,0,0,0,0,0,0,0,0,0,0,0,0,0,0,0,0,0,0,0,0,0,0,0,0,0,0,0,0,0,0,0,0,0
0,0,0,0,0,0,0,0,0,0,0,0,0,0,0,0,0,0,0,0,0,0,0,0,0,0,0,0,0,0,0,0,0,0,0,0,0,0,0,0,0,0,0,0,0,0,0,0
0,0,0,0,0,0,0,0,0,0,0,0,0,0,0,0,0,0,0,0,0,0,0,0,0,0,0,0,0,0,0,0,0,0,0,0,0,0,0,0,0,0,0,0,0,0,0,0
0,0,0,0,0,0,0,0,0,0,0,0,0,0,0,0,0,0,0,0,0,0,0,0,0,0,0,0,0,0,0,0,0,0,0,0,0,0,0,0,0,0,0,0,0,0,0,0
0,0,0,0,0,0,0,0,0,0,0,0,0,0,0,0,0,0,0,0,0,0,0,0,0,0,0,0,0,0,0,0,0,0,0,0,0,0,0,0,0,0,0,0,0,0,0,0
0,0,0,0,0,0,0,0,0,0,0,0,0,0,0,0,0,0,0,0,0,0,0,0,0,0,0,0,0,0,0,0,0,0,0,0,0,0,0,0,0,0,0,0,0,0,0,0
0,0,0,0,0,0,0,0,0,0,0,0,0,0,0,0,0,0,0,0,0,0,0,0,0,0,0,0,0,0,0,0,0,0,0,0,0,0,0,0,0,0,0,0,0,0,0,0
0,0,0,0,0,0,0,0,0,0,0,0,0,0,0,0,0,0,0,0,0,0,0,0,0,0,0,0,0,0,0,0,0,0,0,0,0,0,0,0,0,0,0,0,0,0,0,0
0,0,0,0,0,0,0,0,0,0,0,0,0,0,0,0,0,0,0,0,0,0,0,0,0,0,0,0,0,0,0,0,0,0,0,0,0,0,0,0,0,0,0,0,0,0,0,0
0,0,0,0,0,0,0,0,0,0,0,0,0,0,0,0,0,0,0,0,0,0,0,0,0,0,0,0,0,0,0,0,0,0,0,0,0,0,0,0,0,0,0,0,0,0,0,0
0,0,0,0,0,0,0,0,0,0,0,0,0,0,0,0,0,0,0,0,0,0,0,0,0,0,0,0,0,0,0,0,0,0,0,0,0,0,0,0,0,0,0,0,0,0,0,0
0,0,0,0,0,0,0,0,0,0,0,0,0,0,0,0,0,0,0,0,0,0,0,0,0,0,0,0,0,0,0,0,0,0,0,0,0,0,0,0,0,0,0,0,0,0,0,0
0,0,0,0,0,0,0,0,0,0,0,0,0,0,0,0,0,0,0,0,0,0,0,0,0,0,0,0,0,0,0,0,0,0,0,0,0,0,0,0,0,0,0,0,0,0,0,0
0,0,0,0,0,0,0,0,0,0,0,0,0,0,0,0,0,0,0,0,0,0,0,0,0,0,0,0,0,0,0,0,0,0,0,0,0,0,0,0,0,0,0,0,0,0,0,0
0,0,0,0,0,0,0,0,0,0,0,0,0,0,0,0,0,0,0,0,0,0,0,0,0,0,0,0,0,0,0,0,0,0,0,0,0,0,0,0,0,0,0,0,0,0,0,0
0,0,0,0,0,0,0,0,0,0,0,0,0,0,0,0,0,0,0,0,0,0,0,0,0,0,0,0,0,0,0,0,0,0,0,0,0,0,0,0,0,0,0,0,0,0,0,0
0,0,0,0,0,0,0,0,0,0,0,0,0,0,0,0,0,0,0,0,0,0,0,0,0,0,0,0,0,0,0,0,0,0,0,0,0,0,0,0,0,0,0,0,0,0,0,0
0,0,0,0,0,0,0,0,0,0,0,0,0,0,0,0,0,0,0,0,0,0,0,0,0,0,0,0,0,0,0,0,0,0,0,0,0,0,0,0,0,0,0,0,0,0,0,0
0,0,0,0,0,0,0,0,0,0,0,0,0,0,0,0,0,0,0,0,0,0,0,0,0,0,0,0,0,0,0,0,0,0,0,0,0,0,0,0,0,0,0,0,0,0,0,0
0,0,0,0,0,0,0,0,0,0,0,0,0,0,0,0,0,0,0,0,0,0,0,0,0,0,0,0,0,0,0,0,0,0,0,0,0,0,0,0,0,0,0,0,0,0,0,0
0,0,0,0,0,0,0,0,0,0,0,0,0,0,0,0,0,0,0,0,0,0,0,0,0,0,0,0,0,0,0,0,0,0,0,0,0,0,0,0,0,0,0,0,0,0,0,0
0,0,0,0,0,0,0,0,0,0,0,0,0,0,0,0,0,0,0,0,0,0,0,0,0,0,0,0,0,0,0,0,0,0,0,0,0,0,0,0,0,0,0,0,0,0,0,0
0,0,0,0,0,0,0,0,0,0,0,0,0,0,0,0,0,0,0,0,0,0,0,0,0,0,0,0,0,0,0,0,0,0,0,0,0,0,0,0,0,0,0,0,0,0,0,0
0,0,0,0,0,0,0,0,0,0,0,0,0,0,0,0,0,0,0,0,0,0,0,0,0,0,0,0,0,0,0,0,0,0,0,0,0,0,0,0,0,0,0,0,0,0,0,0
0,0,0,0,0,0,0,0,0,0,0,0,0,0,0,0,0,0,0,0,0,0,0,0,0,0,0,0,0,0,0,0,0,0,0,0,0,0,0,0,0,0,0,0,0,0,0,0
0,0,0,0,0,0,0,0,0,0,0,0,0,0,0,0,0,0,0,0,0,0,0,0,0,0,0,0,0,0,0,0,0,0,0,0,0,0,0,0,0,0,0,0,0,0,0,0
0,0,0,0,0,0,0,0,0,0,0,0,0,0,0,0,0,0,0,0,0,0,0,0,0,0,0,0,0,0,0,0,0,0,0,0,0,0,0,0,0,0,0,0,0,0,0,0
0,0,0,0,0,0,0,0,0,0,0,0,0,0,0,0,0,0,0,0,0,0,0,0,0,0,0,0,0,0,0,0,0,0,0,0,0,0,0,0,0,0,0,0,0,0,0,0
0,0,0,0,0,0,0,0,0,0,0,0,0,0,0,0,0,0,0,0,0,0,0,0,0,0,0,0,0,0,0,0,0,0,0,0,0,0,0,0,0,0,0,0,0,0,0,0
0,0,0,0,0,0,0,0,0,0,0,0,0,0,0,0,0,0,0,0,0,0,0,0,0,0,0,0,0,0,0,0,0,0,0,0,0,0,0,0,0,0,0,0,0,0,0,0
0,0,0,0,0,0,0,0,0,0,0,0,0,0,0,0,0,0,0,0,0,0,0,0,0,0,0,0,0,0,0,0,0,0,0,0,0,0,0,0,0,0,0,0,0,0,0,0
0,0,0,0,0,0,0,0,0,0,0,0,0,0,0,0,0,0,0,0,0,0,0,0,0,0,0,0,0,0,0,0,0,0,0,0,0,0,0,0,0,0,0,0,0,0,0,0
0,0,0,0,0,0,0,0,0,0,0,0,0,0,0,0,0,0,0,0,0,0,0,0,0,0,0,0,0,0,0,0,0,0,0,0,0,0,0,0,0,0,0,0,0,0,0,0
0,0,0,0,0,0,0,0,0,0,0,0,0,0,0,0,0,0,0,0,0,0,0,0,0,0,0,0,0,0,0,0,0,0,0,0,0,0,0,0,0,0,0,0,0,0,0,0
0,0,0,0,0,0,0,0,0,0,0,0,0,0,0,0,0,0,0,0,0,0,0,0,0,0,0,0,0,0,0,0,0,0,0,0,0,0,0,0,0,0,0,0,0,0,0,0
0,0,0,0,0,0,0,0,0,0,0,0,0,0,0,0,0,0,0,0,0,0,0,0,0,0,0,0,0,0,0,0,0,0,0,0,0,0,0,0,0,0,0,0,0,0,0,0
0,0,0,0,0,0,0,0,0,0,0,0,0,0,0,0,0,0,0,0,0,0,0,0,0,0,0,0,0,0,0,0,0,0,0,0,0,0,0,0,0,0,0,0,0,0,0,0
0,0,0,0,0,0,0,0,0,0,0,0,0,0,0,0,0,0,0,0,0,0,0,0,0,0,0,0,0,0,0,0,0,0,0,0,0,0,0,0,0,0,0,0,0,0,0,0
0,0,0,0,0,0,0,0,0,0,0,0,0,0,0,0,0,0,0,0,0,0,0,0,0,0,0,0,0,0,0,0,0,0,0,0,0,0,0,0,0,0,0,0,0,0,0,0
0,0,0,0,0,0,0,0,0,0,0,0,0,0,0,0,0,0,0,0,0,0,0,0,0,0,0,0,0,0,0,0,0,0,0,0,0,0,0,0,0,0,0,0,0,0,0,0
0,0,0,0,0,0,0,0,0,0,0,0,0,0,0,0,0,0,0,0,0,0,0,0,0,0,0,0,0,0,0,0,0,0,0,0,0,0,0,0,0,0,0,0,0,0,0,0
0,0,0,0,0,0,0,0,0,0,0,0,0,0,0,0,0,0,0,0,0,0,0,0,0,0,0,0,0,0,0,0,0,0,0,0,0,0,0,0,0,0,0,0,0,0,0,0
0,0,0,0,0,0,0,0,0,0,0,0,0,0,0,0,0,0,0,0,0,0,0,0,0,0,0,0,0,0,0,0,0,0,0,0,0,0,0,0,0,0,0,0,0,0,0,0
0,0,0,0,0,0,0,0,0,0,0,0,0,0,0,0,0,0,0,0,0,0,0,0,0,0,0,0,0,0,0,0,0,0,0,0,0,0,0,0,0,0,0,0,0,0,0,0
0,0,0,0,0,0,0,0,0,0,0,0,0,0,0,0,0,0,0,0,0,0,0,0,0,0,0,0,0,0,0,0,0,0,0,0,0,0,0,0,0,0,0,0,0,0,0,0
 Frame Index: 59, Measurement Time(sec): 02.01

0,0,0,0,0,0,0,0,0,0,0,0,0,0,0,0,0,0,0,0,0,0,0,0,0,0,0,0,0,0,0,0,0,0,0,0,0,0,0,0,0,0,0,0,0,0,0,0
0,0,0,0,0,0,0,0,0,0,0,0,0,0,0,0,0,0,0,0,0,0,0,0,0,0,0,0,0,0,0,0,0,0,0,0,0,0,0,0,0,0,0,0,0,0,0,0
0,0,0,0,0,0,0,0,0,0,0,0,0,0,0,0,0,0,0,0,0,0,0,0,0,0,0,0,0,0,0,0,0,0,0,0,0,0,0,0,0,0,0,0,0,0,0,0
0,0,0,0,0,0,0,0,0,0,0,0,0,0,0,0,0,0,0,0,0,0,0,0,0,0,0,0,0,0,0,0,0,0,0,0,0,0,0,0,0,0,0,0,0,0,0,0
0,0,0,0,0,0,0,0,0,0,0,0,0,0,0,0,0,0,0,0,0,0,0,0,0,0,0,0,0,0,0,0,0,0,0,0,0,0,0,0,0,0,0,0,0,0,0,0
0,0,0,0,0,0,0,0,0,0,0,0,0,0,0,0,0,0,0,0,0,0,0,0,0,0,0,0,0,0,0,0,0,0,0,0,0,0,0,0,0,0,0,0,0,0,0,0
0,0,0,0,0,0,0,0,0,0,0,0,0,0,0,0,0,0,0,0,0,0,0,0,0,0,0,0,0,0,0,0,0,0,0,0,0,0,0,0,0,0,0,0,0,0,0,0
0,0,0,0,0,0,0,0,0,0,0,0,0,0,0,0,0,0,0,0,0,0,0,0,0,0,0,0,0,0,0,0,0,0,0,0,0,0,0,0,0,0,0,0,0,0,0,0
0,0,0,0,0,0,0,0,0,0,0,0,0,0,0,0,0,0,0,0,0,0,0,0,0,0,0,0,0,0,0,0,0,0,0,0,0,0,0,0,0,0,0,0,0,0,0,0
0,0,0,0,0,0,0,0,0,0,0,0,0,0,0,0,0,0,0,0,0,0,0,0,0,0,0,0,0,0,0,0,0,0,0,0,0,0,0,0,0,0,0,0,0,0,0,0
0,0,0,0,0,0,0,0,0,0,0,0,0,0,0,0,0,0,0,0,0,0,0,0,0,0,0,0,0,0,0,0,0,0,0,0,0,0,0,0,0,0,0,0,0,0,0,0
0,0,0,0,0,0,0,0,0,0,0,0,0,0,0,0,0,0,0,0,0,0,0,0,0,0,0,0,0,0,0,0,0,0,0,0,0,0,0,0,0,0,0,0,0,0,0,0
0,0,0,0,0,0,0,0,0,0,0,0,0,0,0,0,0,0,0,0,0,0,0,0,0,0,0,0,0,0,0,0,0,0,0,0,0,0,0,0,0,0,0,0,0,0,0,0
0,0,0,0,0,0,0,0,0,0,0,0,0,0,0,0,0,0,0,0,0,0,0,0,0,0,0,0,0,0,0,0,0,0,0,0,0,0,0,0,0,0,0,0,0,0,0,0
0,0,0,0,0,0,0,0,0,0,0,0,0,0,0,0,0,0,0,0,0,0,0,0,0,0,0,0,0,0,0,0,0,0,0,0,0,0,0,0,0,0,0,0,0,0,0,0
0,0,0,0,0,0,0,0,0,0,0,0,0,0,0,0,0,0,0,0,0,0,0,0,0,0,0,0,0,0,0,0,0,0,0,0,0,0,0,0,0,0,0,0,0,0,0,0
0,0,0,0,0,0,0,0,0,0,0,0,0,0,0,0,0,0,0,0,0,0,0,0,0,0,0,0,0,0,0,0,0,0,0,0,0,0,0,0,0,0,0,0,0,0,0,0
0,0,0,0,0,0,0,0,0,0,0,0,0,0,0,0,0,0,0,0,0,0,0,0,0,0,0,0,0,0,0,0,0,0,0,0,0,0,0,0,0,0,0,0,0,0,0,0
0,0,0,0,0,0,0,0,0,0,0,0,0,0,0,0,0,0,0,0,0,0,0,0,0,0,0,0,0,0,0,0,0,0,0,0,0,0,0,0,0,0,0,0,0,0,0,0
0,0,0,0,0,0,0,0,0,0,0,0,0,0,0,0,0,0,0,0,0,0,0,0,0,0,0,0,0,0,0,0,0,0,0,0,0,0,0,0,0,0,0,0,0,0,0,0
0,0,0,0,0,0,0,0,0,0,0,0,0,0,0,0,0,0,0,0,0,0,0,0,0,0,0,0,0,0,0,0,0,0,0,0,0,0,0,0,0,0,0,0,0,0,0,0
0,0,0,0,0,0,0,0,0,0,0,0,0,0,0,0,0,0,0,0,0,0,0,0,0,0,0,0,0,0,0,0,0,0,0,0,0,0,0,0,0,0,0,0,0,0,0,0
0,0,0,0,0,0,0,0,0,0,0,0,0,0,0,0,0,0,0,0,0,0,0,0,0,0,0,0,0,0,0,0,0,0,0,0,0,0,0,0,0,0,0,0,0,0,0,0
0,0,0,0,0,0,0,0,0,0,0,0,0,0,0,0,0,0,0,0,0,0,0,0,0,0,0,0,0,0,0,0,0,0,0,0,0,0,0,0,0,0,0,0,0,0,0,0
0,0,0,0,0,0,0,0,0,0,0,0,0,0,0,0,0,0,0,0,0,0,0,0,0,0,0,0,0,0,0,0,0,0,0,0,0,0,0,0,0,0,0,0,0,0,0,0
0,0,0,0,0,0,0,0,0,0,0,0,0,0,0,0,0,0,0,0,0,0,0,0,0,0,0,0,0,0,0,0,0,0,0,0,0,0,0,0,0,0,0,0,0,0,0,0
0,0,0,0,0,0,0,0,0,0,0,0,0,0,0,0,0,0,0,0,0,0,0,0,0,0,0,0,0,0,0,0,0,0,0,0,0,0,0,0,0,0,0,0,0,0,0,0
0,0,0,0,0,0,0,0,0,0,0,0,0,0,0,0,0,0,0,0,0,0,0,0,0,0,0,0,0,0,0,0,0,0,0,0,0,0,0,0,0,0,0,0,0,0,0,0
0,0,0,0,0,0,0,0,0,0,0,0,0,0,0,0,0,0,0,0,0,0,0,0,0,0,0,0,0,0,0,0,0,0,0,0,0,0,0,0,0,0,0,0,0,0,0,0
0,0,0,0,0,0,0,0,0,0,0,0,0,0,0,0,0,0,0,0,0,0,0,0,0,0,0,0,0,0,0,0,0,0,0,0,0,0,0,0,0,0,0,0,0,0,0,0
0,0,0,0,0,0,0,0,0,0,0,0,0,0,0,0,0,0,0,0,0,0,0,0,0,0,0,0,0,0,0,0,0,0,0,0,0,0,0,0,0,0,0,0,0,0,0,0
0,0,0,0,0,0,0,0,0,0,0,0,0,0,0,0,0,0,0,0,0,0,0,0,0,0,0,0,0,0,0,0,0,0,0,0,0,0,0,0,0,0,0,0,0,0,0,0
0,0,0,0,0,0,0,0,0,0,0,0,0,0,0,0,0,0,0,0,0,0,0,0,0,0,0,0,0,0,0,0,0,0,0,0,0,0,0,0,0,0,0,0,0,0,0,0
0,0,0,0,0,0,0,0,0,0,0,0,0,0,0,0,0,0,0,0,0,0,0,0,0,0,0,0,0,0,0,0,0,0,0,0,0,0,0,0,0,0,0,0,0,0,0,0
0,0,0,0,0,0,0,0,0,0,0,0,0,0,0,0,0,0,0,0,0,0,0,0,0,0,0,0,0,0,0,0,0,0,0,0,0,0,0,0,0,0,0,0,0,0,0,0
0,0,0,0,0,0,0,0,0,0,0,0,0,0,0,0,0,0,0,0,0,0,0,0,0,0,0,0,0,0,0,0,0,0,0,0,0,0,0,0,0,0,0,0,0,0,0,0
0,0,0,0,0,0,0,0,0,0,0,0,0,0,0,0,0,0,0,0,0,0,0,0,0,0,0,0,0,0,0,0,0,0,0,0,0,0,0,0,0,0,0,0,0,0,0,0
0,0,0,0,0,0,0,0,0,0,0,0,0,0,0,0,0,0,0,0,0,0,0,0,0,0,0,0,0,0,0,0,0,0,0,0,0,0,0,0,0,0,0,0,0,0,0,0
0,0,0,0,0,0,0,0,0,0,0,0,0,0,0,0,0,0,0,0,0,0,0,0,0,0,0,0,0,0,0,0,0,0,0,0,0,0,0,0,0,0,0,0,0,0,0,0
0,0,0,0,0,0,0,0,0,0,0,0,0,0,0,0,0,0,0,0,0,0,0,0,0,0,0,0,0,0,0,0,0,0,0,0,0,0,0,0,0,0,0,0,0,0,0,0
0,0,0,0,0,0,0,0,0,0,0,0,0,0,0,0,0,0,0,0,0,0,0,0,0,0,0,0,0,0,0,0,0,0,0,0,0,0,0,0,0,0,0,0,0,0,0,0
0,0,0,0,0,0,0,0,0,0,0,0,0,0,0,0,0,0,0,0,0,0,0,0,0,0,0,0,0,0,0,0,0,0,0,0,0,0,0,0,0,0,0,0,0,0,0,0
0,0,0,0,0,0,0,0,0,0,0,0,0,0,0,0,0,0,0,0,0,0,0,0,0,0,0,0,0,0,0,0,0,0,0,0,0,0,0,0,0,0,0,0,0,0,0,0
0,0,0,0,0,0,0,0,0,0,0,0,0,0,0,0,0,0,0,0,0,0,0,0,0,0,0,0,0,0,0,0,0,0,0,0,0,0,0,0,0,0,0,0,0,248,248,246
0,0,0,0,0,0,0,0,0,0,0,0,0,0,0,0,0,0,0,0,0,0,0,0,0,0,0,0,0,0,0,0,0,0,0,0,0,0,0,0,0,0,0,0,0,249,248,246
0,0,0,0,0,0,0,0,0,0,0,0,0,0,0,0,0,0,0,0,0,0,0,0,0,0,0,0,0,0,0,0,0,0,0,0,0,0,0,0,0,0,0,0,0,251,248,247
0,0,0,0,0,0,0,0,0,0,0,0,0,0,0,0,0,0,0,0,0,0,0,0,0,0,0,0,0,0,0,0,0,0,0,0,0,0,0,0,0,0,0,0,0,247,245,246
0,0,0,0,0,0,0,0,0,0,0,0,0,0,0,0,0,0,0,0,0,0,0,0,0,0,0,0,0,0,0,0,0,0,0,0,0,0,0,0,0,0,0,0,0,247,248,246
 Frame Index: 90, Measurement Time(sec): 03.01

0,0,0,0,0,0,0,0,0,0,0,0,0,0,0,0,0,0,0,0,0,0,0,0,0,0,0,0,0,0,0,0,0,0,0,0,0,0,0,134,0,134,0,135,0,134,0,137
0,0,0,0,0,0,0,0,0,0,0,0,0,0,0,0,0,0,0,0,0,0,0,0,0,0,0,0,0,0,0,0,0,0,0,0,0,0,0,135,0,137,0,136,0,135,0,136
0,0,0,0,0,0,0,0,0,0,0,0,0,0,0,0,0,0,0,0,0,0,0,0,0,0,0,0,0,0,0,0,0,0,0,0,0,0,0,136,0,136,0,136,0,135,0,135
0,0,0,0,0,0,0,0,0,0,0,0,0,0,0,0,0,0,0,0,0,0,0,0,0,0,0,0,0,0,0,0,0,0,0,0,0,0,0,135,0,135,0,136,0,136,0,136
0,0,0,0,0,0,0,0,0,0,0,0,0,0,0,0,0,0,0,0,0,0,0,0,0,0,0,0,0,0,0,0,0,0,0,0,0,0,0,136,0,136,0,136,0,136,0,136
0,0,0,0,0,0,0,0,0,0,0,0,0,0,0,0,0,0,0,0,0,0,0,0,0,0,0,0,0,0,0,0,0,0,0,0,0,0,0,136,0,135,0,136,0,135,0,136
0,0,0,0,0,0,0,0,0,0,0,0,0,0,0,0,0,0,0,0,0,0,0,0,0,0,0,0,0,0,0,0,0,0,0,0,0,0,0,136,0,134,0,136,0,135,0,136
0,0,0,0,0,0,0,0,0,0,0,0,0,0,0,0,0,0,0,0,0,0,0,0,0,0,0,0,0,0,0,0,0,0,0,0,0,0,0,136,0,136,0,136,0,136,0,137
0,0,0,0,0,0,0,0,0,0,0,0,0,0,0,0,0,0,0,0,0,0,0,0,0,0,0,0,0,0,0,0,0,0,0,0,0,0,0,135,0,135,0,136,0,136,0,136
0,0,0,0,0,0,0,0,0,0,0,0,0,0,0,0,0,0,0,0,0,0,0,0,0,0,0,0,0,0,0,0,0,0,0,0,0,0,0,135,0,136,0,136,0,136,0,136
0,0,0,0,0,0,0,0,0,0,0,0,0,0,0,0,0,0,0,0,0,0,0,0,0,0,0,0,0,0,0,0,0,0,0,0,0,0,0,137,0,136,0,136,0,135,0,135
0,0,0,0,0,0,0,0,0,0,0,0,0,0,0,0,0,0,0,0,0,0,0,0,0,0,0,0,0,0,0,0,0,0,0,0,0,0,0,136,0,136,0,136,0,135,0,135
0,0,0,0,0,0,0,0,0,0,0,0,0,0,0,0,0,0,0,0,0,0,0,0,0,0,0,0,0,0,0,0,0,0,0,0,0,0,0,135,0,136,0,135,0,136,0,137
0,0,0,0,0,0,0,0,0,0,0,0,0,0,0,0,0,0,0,0,0,0,0,0,0,0,0,0,0,0,0,0,0,0,0,0,0,0,0,135,0,134,0,136,0,135,0,136
0,0,0,0,0,0,0,0,0,0,0,0,0,0,0,0,0,0,0,0,0,0,0,0,0,0,0,0,0,0,0,0,0,0,0,0,0,0,0,136,0,135,0,136,0,136,0,136
0,0,0,0,0,0,0,0,0,0,0,0,0,0,0,0,0,0,0,0,0,0,0,0,0,0,0,0,0,0,0,0,0,0,0,0,0,0,0,136,0,136,0,136,0,136,0,135
0,0,0,0,0,0,0,0,0,0,0,0,0,0,0,0,0,0,0,0,0,0,0,0,0,0,0,0,0,0,0,0,0,0,0,0,0,0,0,137,0,136,0,137,0,136,0,136
0,0,0,0,0,0,0,0,0,0,0,0,0,0,0,0,0,0,0,0,0,0,0,0,0,0,0,0,0,0,0,0,0,0,0,0,0,0,0,135,0,136,0,136,0,135,0,137
0,0,0,0,0,0,0,0,0,0,0,0,0,0,0,0,0,0,0,0,0,0,0,0,0,0,0,0,0,0,0,0,0,0,0,0,0,0,0,136,0,135,0,136,0,135,0,135
0,0,0,0,0,0,0,0,0,0,0,0,0,0,0,0,0,0,0,0,0,0,0,0,0,0,0,0,0,0,0,0,0,0,0,0,0,0,0,135,0,136,0,136,0,135,0,136
0,0,0,0,0,0,0,0,0,0,0,0,0,0,0,0,0,0,0,0,0,0,0,0,0,0,0,0,0,0,0,0,0,0,0,0,0,0,0,136,0,136,0,135,0,136,0,136
0,0,0,0,0,0,0,0,0,0,0,0,0,0,0,0,0,0,0,0,0,0,0,0,0,0,0,0,0,0,0,0,0,0,0,0,0,0,0,136,0,136,0,135,0,136,0,136
0,0,0,0,0,0,0,0,0,0,0,0,0,0,0,0,0,0,0,0,0,0,0,0,0,0,0,0,0,0,0,0,0,0,0,0,0,0,0,136,0,135,0,136,0,136,0,135
0,0,0,0,0,0,0,0,0,0,0,0,0,0,0,0,0,0,0,0,0,0,0,0,0,0,0,0,0,0,0,0,0,0,0,0,0,0,0,136,0,137,0,137,0,136,0,136
0,0,0,0,0,0,0,0,0,0,0,0,0,0,0,0,0,0,0,0,0,0,0,0,0,0,0,0,0,0,0,0,0,0,0,0,0,0,0,136,0,136,0,136,0,136,0,136
0,0,0,0,0,0,0,0,0,0,0,0,0,0,0,0,0,0,0,0,0,0,0,0,0,0,0,0,0,0,0,0,0,0,0,0,0,0,0,136,0,136,0,136,0,136,0,137
0,0,0,0,0,0,0,0,0,0,0,0,0,0,0,0,0,0,0,0,0,0,0,0,0,0,0,0,0,0,0,0,0,0,0,0,0,0,0,135,0,136,0,135,0,136,0,136
0,0,0,0,0,0,0,0,0,0,0,0,0,0,0,0,0,0,0,0,0,0,0,0,0,0,0,0,0,0,0,0,0,0,0,0,0,0,0,136,0,136,0,136,0,135,0,136
0,0,0,0,0,0,0,0,0,0,0,0,0,0,0,0,0,0,0,0,0,0,0,0,0,0,0,0,0,0,0,0,0,0,0,0,0,0,0,135,0,134,0,135,0,135,135,136
0,0,0,0,0,0,0,0,0,0,0,0,0,0,0,0,0,0,0,0,0,0,0,0,0,0,0,0,0,0,0,0,0,0,0,0,0,0,0,136,0,136,0,137,0,133,132,134
0,0,0,0,0,0,0,0,0,0,0,0,0,0,0,0,0,0,0,0,0,0,0,0,0,0,0,0,0,0,0,0,0,0,0,0,0,0,0,133,0,132,0,132,0,132,133,133
0,0,0,0,0,0,0,0,0,0,0,0,0,0,0,0,0,0,0,0,0,0,0,0,0,0,0,0,0,0,0,0,0,0,0,0,0,0,0,133,0,132,0,133,0,133,131,133
0,0,0,0,0,0,0,0,0,0,0,0,0,0,0,0,0,0,0,0,0,0,0,0,0,0,0,0,0,0,0,0,0,0,0,0,0,0,0,132,0,132,0,133,0,133,133,132
0,0,0,0,0,0,0,0,0,0,0,0,0,0,0,0,0,0,0,0,0,0,0,0,0,0,0,0,0,0,0,0,0,0,0,0,0,0,0,134,0,132,0,133,0,133,133,133
0,0,0,0,0,0,0,0,0,0,0,0,0,0,0,0,0,0,0,0,0,0,0,0,0,0,0,0,0,0,0,0,0,0,0,0,0,0,0,133,0,133,0,133,0,133,133,133
0,0,0,0,0,0,0,0,0,0,0,0,0,0,0,0,0,0,0,0,0,0,0,0,0,0,0,0,0,0,0,0,0,0,0,0,0,0,0,132,0,133,0,135,0,133,134,133
0,0,0,0,0,0,0,0,0,0,0,0,0,0,0,0,0,0,0,0,0,0,0,0,0,0,0,0,0,0,0,0,0,0,0,0,0,0,0,0,0,0,0,0,0,0,0,0
0,0,0,0,0,0,0,0,0,0,0,0,0,0,0,0,0,0,0,0,0,0,0,0,0,0,0,0,0,0,0,0,0,0,0,0,0,0,0,133,0,134,0,133,0,133,132,132
0,0,0,0,0,0,0,0,0,0,0,0,0,0,0,0,0,0,0,0,0,0,0,0,0,0,0,0,0,0,0,0,0,0,0,0,0,0,0,133,0,133,0,133,0,133,133,133
0,0,0,0,0,0,0,0,0,0,0,0,0,0,0,0,0,0,0,0,0,0,0,0,0,0,0,0,0,0,0,0,0,0,0,0,0,0,0,136,0,136,0,135,0,135,0,136
0,0,0,0,0,0,0,0,0,0,0,0,0,0,0,0,0,0,0,0,0,0,0,0,0,0,0,0,0,0,0,0,0,0,0,0,0,0,0,133,0,132,0,133,0,132,135,133
0,0,0,0,0,0,0,0,0,0,0,0,0,0,0,0,0,0,0,0,0,0,0,0,0,0,0,0,0,0,0,0,0,0,0,0,0,0,0,133,0,132,0,132,0,133,133,134
0,0,0,0,0,0,0,0,0,0,0,0,0,0,0,0,0,0,0,0,0,0,0,0,0,0,0,0,0,0,0,0,0,0,0,0,0,0,0,137,0,136,0,137,0,134,0,136
0,0,0,0,0,0,0,0,0,0,0,0,0,0,0,0,0,0,0,0,0,0,0,0,0,0,0,0,0,0,0,0,0,0,0,0,0,0,0,133,0,133,0,132,0,133,133,133
0,0,0,0,0,0,0,0,0,0,0,0,0,0,0,0,0,0,0,0,0,0,0,0,0,0,0,0,0,0,0,0,0,0,0,0,0,0,0,132,0,133,0,133,0,133,133,134
0,0,0,0,0,0,0,0,0,0,0,0,0,0,0,0,0,0,0,0,0,0,0,0,0,0,0,0,0,0,0,0,0,0,0,0,0,0,0,133,0,132,0,133,0,134,133,133
0,0,0,0,0,0,0,0,0,0,0,0,0,0,0,0,0,0,0,0,0,0,0,0,0,0,0,0,0,0,0,0,0,0,0,0,0,0,0,0,0,0,0,0,0,0,0,0
0,0,0,0,0,0,0,0,0,0,0,0,0,0,0,0,0,0,0,0,0,0,0,0,0,0,0,0,0,0,0,0,0,0,0,0,0,0,0,133,0,133,0,133,0,133,134,133
 Frame Index: 122, Measurement Time(sec): 04.02

0,0,0,213,0,203,0,0,0,0,0,0,0,0,0,0,0,0,0,0,0,0,0,0,0,0,0,0,0,0,0,0,0,0,0,0,0,0,0,0,0,0,0,0,0,0,0,0
0,0,0,215,0,202,0,0,0,0,0,0,0,0,0,0,0,0,0,0,0,0,0,0,0,0,0,0,0,0,0,0,0,0,0,0,0,0,0,0,0,0,0,0,0,0,0,0
0,0,0,213,0,201,0,0,0,0,0,0,0,0,0,0,0,0,0,0,0,0,0,0,0,0,0,0,0,0,0,0,0,0,0,0,0,0,0,0,0,0,0,0,0,0,0,0
0,0,0,213,0,200,0,0,0,0,0,0,0,0,0,0,0,0,0,0,0,0,0,0,0,0,0,0,0,0,0,0,0,0,0,0,0,0,0,0,0,0,0,0,0,0,0,0
0,0,0,212,0,200,0,0,0,0,0,0,0,0,0,0,0,0,0,0,0,0,0,0,0,0,0,0,0,0,0,0,0,0,0,0,0,0,0,0,0,0,0,0,0,0,0,0
0,0,0,214,0,201,0,0,0,0,0,0,0,0,0,0,0,0,0,0,0,0,0,0,0,0,0,0,0,0,0,0,0,0,0,0,0,0,0,0,0,0,0,0,0,0,0,0
0,0,0,212,0,201,0,0,0,0,0,0,0,0,0,0,0,0,0,0,0,0,0,0,0,0,0,0,0,0,0,0,0,0,0,0,0,0,0,0,0,0,0,0,0,0,0,0
0,0,0,213,0,199,0,0,0,0,0,0,0,0,0,0,0,0,0,0,0,0,0,0,0,0,0,0,0,0,0,0,0,0,0,0,0,0,0,0,0,0,0,0,0,0,0,0
0,0,0,211,0,199,0,0,0,0,0,0,0,0,0,0,0,0,0,0,0,0,0,0,0,0,0,0,0,0,0,0,0,0,0,0,0,0,0,0,0,0,0,0,0,0,0,0
0,0,0,212,0,193,0,0,0,0,0,0,0,0,0,0,0,0,0,0,0,0,0,0,0,0,0,0,0,0,0,0,0,0,0,0,0,0,0,0,0,0,0,0,0,0,0,0
0,0,0,210,0,198,0,0,0,0,0,0,0,0,0,0,0,0,0,0,0,0,0,0,0,0,0,0,0,0,0,0,0,0,0,0,0,0,0,0,0,0,0,0,0,0,0,0
0,0,0,213,0,199,0,0,0,0,0,0,0,0,0,0,0,0,0,0,0,0,0,0,0,0,0,0,0,0,0,0,0,0,0,0,0,0,0,0,0,0,0,0,0,0,0,0
0,0,0,211,0,196,0,0,0,0,0,0,0,0,0,0,0,0,0,0,0,0,0,0,0,0,0,0,0,0,0,0,0,0,0,0,0,0,0,0,0,0,0,0,0,0,0,0
0,0,0,212,0,196,0,0,0,0,0,0,0,0,0,0,0,0,0,0,0,0,0,0,0,0,0,0,0,0,0,0,0,0,0,0,0,0,0,0,0,0,0,0,0,0,0,0
0,0,0,214,0,198,0,0,0,0,0,0,0,0,0,0,0,0,0,0,0,0,0,0,0,0,0,0,0,0,0,0,0,0,0,0,0,0,0,0,0,0,0,0,0,0,0,0
0,0,0,214,0,198,0,0,0,0,0,0,0,0,0,0,0,0,0,0,0,0,0,0,0,0,0,0,0,0,0,0,0,0,0,0,0,0,0,0,0,0,0,0,0,0,0,0
0,0,0,212,0,201,0,0,0,0,0,0,0,0,0,0,0,0,0,0,0,0,0,0,0,0,0,0,0,0,0,0,0,0,0,0,0,0,0,0,0,0,0,0,0,0,0,0
0,0,0,213,0,204,0,0,0,0,0,0,0,0,0,0,0,0,0,0,0,0,0,0,0,0,0,0,0,0,0,0,0,0,0,0,0,0,0,0,0,0,0,0,0,0,0,0
0,0,0,210,0,202,0,0,0,0,0,0,0,0,0,0,0,0,0,0,0,0,0,0,0,0,0,0,0,0,0,0,0,0,0,0,0,0,0,0,0,0,0,0,0,0,0,0
0,0,0,214,0,203,0,0,0,0,0,0,0,0,0,0,0,0,0,0,0,0,0,0,0,0,0,0,0,0,0,0,0,0,0,0,0,0,0,0,0,0,0,0,0,0,0,0
0,0,0,213,0,204,0,0,0,0,0,0,0,0,0,0,0,0,0,0,0,0,0,0,0,0,0,0,0,0,0,0,0,0,0,0,0,0,0,0,0,0,0,0,0,0,0,0
0,0,0,213,0,203,0,0,0,0,0,0,0,0,0,0,0,0,0,0,0,0,0,0,0,0,0,0,0,0,0,0,0,0,0,0,0,0,0,0,0,0,0,0,0,0,0,0
0,0,0,212,0,204,0,0,0,0,0,0,0,0,0,0,0,0,0,0,0,0,0,0,0,0,0,0,0,0,0,0,0,0,0,0,0,0,0,0,0,0,0,0,0,0,0,0
0,0,0,214,0,205,0,0,0,0,0,0,0,0,0,0,0,0,0,0,0,0,0,0,0,0,0,0,0,0,0,0,0,0,0,0,0,0,0,0,0,0,0,0,0,0,0,0
0,0,0,212,0,205,0,0,0,0,0,0,0,0,0,0,0,0,0,0,0,0,0,0,0,0,0,0,0,0,0,0,0,0,0,0,0,0,0,0,0,0,0,0,0,0,0,0
0,0,0,212,0,204,0,0,0,0,0,0,0,0,0,0,0,0,0,0,0,0,0,0,0,0,0,0,0,0,0,0,0,0,0,0,0,0,0,0,0,0,0,0,0,0,0,0
0,0,0,212,0,204,0,0,0,0,0,0,0,0,0,0,0,0,0,0,0,0,0,0,0,0,0,0,0,0,0,0,0,0,0,0,0,0,0,0,0,0,0,0,0,0,0,0
0,0,0,212,0,203,0,0,0,0,0,0,0,0,0,0,0,0,0,0,0,0,0,0,0,0,0,0,0,0,0,0,0,0,0,0,0,0,0,0,0,0,0,0,0,0,0,0
0,0,0,0,0,0,0,0,0,0,0,0,0,0,0,0,0,0,0,0,0,0,0,0,0,0,0,0,0,0,0,0,0,0,0,0,0,0,0,0,0,0,0,0,0,0,0,0
0,0,0,0,0,0,0,0,0,0,0,0,0,0,0,0,0,0,0,0,0,0,0,0,0,0,0,0,0,0,0,0,0,0,0,0,0,0,0,0,0,0,0,0,0,0,0,0
0,0,0,0,0,0,0,0,0,0,0,0,0,0,0,0,0,0,0,0,0,0,0,0,0,0,0,0,0,0,0,0,0,0,0,0,0,0,0,0,0,0,0,0,0,0,0,0
0,0,0,0,0,0,0,0,0,0,0,0,0,0,0,0,0,0,0,0,0,0,0,0,0,0,0,0,0,0,0,0,0,0,0,0,0,0,0,0,0,0,0,0,0,0,0,0
0,0,0,0,0,0,0,0,0,0,0,0,0,0,0,0,0,0,0,0,0,0,0,0,0,0,0,0,0,0,0,0,0,0,0,0,0,0,0,0,0,0,0,0,0,0,0,0
0,0,0,0,0,0,0,0,0,0,0,0,0,0,0,0,0,0,0,0,0,0,0,0,0,0,0,0,0,0,0,0,0,0,0,0,0,0,0,0,0,0,0,0,0,0,0,0
0,0,0,0,0,0,0,0,0,0,0,0,0,0,0,0,0,0,0,0,0,0,0,0,0,0,0,0,0,0,0,0,0,0,0,0,0,0,0,0,0,0,0,0,0,0,0,0
0,0,0,0,0,0,0,0,0,0,0,0,0,0,0,0,0,0,0,0,0,0,0,0,0,0,0,0,0,0,0,0,0,0,0,0,0,0,0,0,0,0,0,0,0,0,0,0
0,0,0,0,0,0,0,0,0,0,0,0,0,0,0,0,0,0,0,0,0,0,0,0,0,0,0,0,0,0,0,0,0,0,0,0,0,0,0,0,0,0,0,0,0,0,0,0
0,0,0,0,0,0,0,0,0,0,0,0,0,0,0,0,0,0,0,0,0,0,0,0,0,0,0,0,0,0,0,0,0,0,0,0,0,0,0,0,0,0,0,0,0,0,0,0
0,0,0,0,0,0,0,0,0,0,0,0,0,0,0,0,0,0,0,0,0,0,0,0,0,0,0,0,0,0,0,0,0,0,0,0,0,0,0,0,0,0,0,0,0,0,0,0
0,0,0,0,0,0,0,0,0,0,0,0,0,0,0,0,0,0,0,0,0,0,0,0,0,0,0,0,0,0,0,0,0,0,0,0,0,0,0,0,0,0,0,0,0,0,0,0
0,0,0,0,0,0,0,0,0,0,0,0,0,0,0,0,0,0,0,0,0,0,0,0,0,0,0,0,0,0,0,0,0,0,0,0,0,0,0,0,0,0,0,0,0,0,0,0
0,0,0,0,0,0,0,0,0,0,0,0,0,0,0,0,0,0,0,0,0,0,0,0,0,0,0,0,0,0,0,0,0,0,0,0,0,0,0,0,0,0,0,0,0,0,0,0
0,0,0,0,0,0,0,0,0,0,0,0,0,0,0,0,0,0,0,0,0,0,0,0,0,0,0,0,0,0,0,0,0,0,0,0,0,0,0,0,0,0,0,0,0,0,0,0
0,0,0,0,0,0,0,0,0,0,0,0,0,0,0,0,0,0,0,0,0,0,0,0,0,0,0,0,0,0,0,0,0,0,0,0,0,0,0,0,0,0,0,0,0,0,0,0
0,0,0,0,0,0,0,0,0,0,0,0,0,0,0,0,0,0,0,0,0,0,0,0,0,0,0,0,0,0,0,0,0,0,0,0,0,0,0,0,0,0,0,0,0,0,0,0
0,0,0,0,0,0,0,0,0,0,0,0,0,0,0,0,0,0,0,0,0,0,0,0,0,0,0,0,0,0,0,0,0,0,0,0,0,0,0,0,0,0,0,0,0,0,0,0
0,0,0,0,0,0,0,0,0,0,0,0,0,0,0,0,0,0,0,0,0,0,0,0,0,0,0,0,0,0,0,0,0,0,0,0,0,0,0,0,0,0,0,0,0,0,0,0
0,0,0,0,0,0,0,0,0,0,0,0,0,0,0,0,0,0,0,0,0,0,0,0,0,0,0,0,0,0,0,0,0,0,0,0,0,0,0,0,0,0,0,0,0,0,0,0
 Frame Index: 153, Measurement Time(sec): 05.01

0,196,196,196,0,196,0,195,0,0,194,0,0,194,197,0,0,0,0,0,0,0,0,0,0,0,0,0,0,0,0,0,0,0,0,0,0,0,0,0,0,0,0,0,0,0,0,0
0,196,197,198,0,196,0,196,0,0,196,0,0,198,197,0,0,0,0,0,0,0,0,0,0,0,0,0,0,0,0,0,0,0,0,0,0,0,0,0,0,0,0,0,0,0,0,0
0,198,197,196,0,196,0,196,0,0,194,0,0,195,196,0,0,0,0,0,0,0,0,0,0,0,0,0,0,0,0,0,0,0,0,0,0,0,0,0,0,0,0,0,0,0,0,0
0,196,196,196,0,195,0,196,0,0,195,0,0,196,196,0,0,0,0,0,0,0,0,0,0,0,0,0,0,0,0,0,0,0,0,0,0,0,0,0,0,0,0,0,0,0,0,0
0,196,196,196,0,196,0,196,0,0,194,0,0,196,195,0,0,0,0,0,0,0,0,0,0,0,0,0,0,0,0,0,0,0,0,0,0,0,0,0,0,0,0,0,0,0,0,0
0,197,196,196,0,196,0,196,0,0,196,0,0,196,195,0,0,0,0,0,0,0,0,0,0,0,0,0,0,0,0,0,0,0,0,0,0,0,0,0,0,0,0,0,0,0,0,0
0,196,196,196,0,196,0,196,0,0,195,0,0,196,197,0,0,0,0,0,0,0,0,0,0,0,0,0,0,0,0,0,0,0,0,0,0,0,0,0,0,0,0,0,0,0,0,0
0,196,196,196,0,195,0,196,0,0,195,0,0,196,196,0,0,0,0,0,0,0,0,0,0,0,0,0,0,0,0,0,0,0,0,0,0,0,0,0,0,0,0,0,0,0,0,0
0,197,195,195,0,198,0,196,0,0,196,0,0,196,197,0,0,0,0,0,0,0,0,0,0,0,0,0,0,0,0,0,0,0,0,0,0,0,0,0,0,0,0,0,0,0,0,0
0,196,195,196,0,196,0,196,0,0,196,0,0,195,197,0,0,0,0,0,0,0,0,0,0,0,0,0,0,0,0,0,0,0,0,0,0,0,0,0,0,0,0,0,0,0,0,0
0,196,195,193,0,196,0,196,0,0,194,0,0,196,198,0,0,0,0,0,0,0,0,0,0,0,0,0,0,0,0,0,0,0,0,0,0,0,0,0,0,0,0,0,0,0,0,0
0,196,196,196,0,196,0,196,0,0,194,0,0,196,196,0,0,0,0,0,0,0,0,0,0,0,0,0,0,0,0,0,0,0,0,0,0,0,0,0,0,0,0,0,0,0,0,0
0,196,196,195,0,196,0,196,0,0,195,0,0,198,198,0,0,0,0,0,0,0,0,0,0,0,0,0,0,0,0,0,0,0,0,0,0,0,0,0,0,0,0,0,0,0,0,0
0,196,197,196,0,196,0,196,0,0,195,0,0,197,196,0,0,0,0,0,0,0,0,0,0,0,0,0,0,0,0,0,0,0,0,0,0,0,0,0,0,0,0,0,0,0,0,0
0,196,197,198,0,198,0,196,0,0,195,0,0,197,196,0,0,0,0,0,0,0,0,0,0,0,0,0,0,0,0,0,0,0,0,0,0,0,0,0,0,0,0,0,0,0,0,0
0,197,196,196,0,197,0,195,0,0,194,0,0,196,196,0,0,0,0,0,0,0,0,0,0,0,0,0,0,0,0,0,0,0,0,0,0,0,0,0,0,0,0,0,0,0,0,0
0,196,195,196,0,196,0,195,0,0,195,0,0,196,196,0,0,0,0,0,0,0,0,0,0,0,0,0,0,0,0,0,0,0,0,0,0,0,0,0,0,0,0,0,0,0,0,0
0,196,196,196,0,198,0,197,0,0,194,0,0,196,196,0,0,0,0,0,0,0,0,0,0,0,0,0,0,0,0,0,0,0,0,0,0,0,0,0,0,0,0,0,0,0,0,0
0,196,196,194,0,196,0,195,0,0,194,0,0,195,195,0,0,0,0,0,0,0,0,0,0,0,0,0,0,0,0,0,0,0,0,0,0,0,0,0,0,0,0,0,0,0,0,0
0,196,195,198,0,196,0,195,0,0,194,0,0,196,198,0,0,0,0,0,0,0,0,0,0,0,0,0,0,0,0,0,0,0,0,0,0,0,0,0,0,0,0,0,0,0,0,0
0,196,196,196,0,197,0,196,0,0,195,0,0,197,197,0,0,0,0,0,0,0,0,0,0,0,0,0,0,0,0,0,0,0,0,0,0,0,0,0,0,0,0,0,0,0,0,0
0,196,196,197,0,195,0,196,0,0,193,0,0,196,197,0,0,0,0,0,0,0,0,0,0,0,0,0,0,0,0,0,0,0,0,0,0,0,0,0,0,0,0,0,0,0,0,0
0,196,197,196,0,196,0,195,0,0,193,0,0,195,196,0,0,0,0,0,0,0,0,0,0,0,0,0,0,0,0,0,0,0,0,0,0,0,0,0,0,0,0,0,0,0,0,0
0,199,197,198,0,197,0,198,0,0,196,0,0,197,197,0,0,0,0,0,0,0,0,0,0,0,0,0,0,0,0,0,0,0,0,0,0,0,0,0,0,0,0,0,0,0,0,0
0,195,197,196,0,197,0,196,0,0,195,0,0,195,197,0,0,0,0,0,0,0,0,0,0,0,0,0,0,0,0,0,0,0,0,0,0,0,0,0,0,0,0,0,0,0,0,0
0,196,196,196,0,196,0,195,0,0,194,0,0,196,197,0,0,0,0,0,0,0,0,0,0,0,0,0,0,0,0,0,0,0,0,0,0,0,0,0,0,0,0,0,0,0,0,0
0,196,196,196,0,196,0,196,0,0,194,0,0,196,197,0,0,0,0,0,0,0,0,0,0,0,0,0,0,0,0,0,0,0,0,0,0,0,0,0,0,0,0,0,0,0,0,0
0,195,196,196,0,195,0,196,0,0,195,0,0,196,196,0,0,0,0,0,0,0,0,0,0,0,0,0,0,0,0,0,0,0,0,0,0,0,0,0,0,0,0,0,0,0,0,0
0,0,0,0,0,0,0,0,0,0,0,0,0,0,0,0,0,0,0,0,0,0,0,0,0,0,0,0,0,0,0,0,0,0,0,0,0,0,0,0,0,0,0,0,0,0,0,0
0,0,0,0,0,0,0,0,0,0,0,0,0,0,0,0,0,0,0,0,0,0,0,0,0,0,0,0,0,0,0,0,0,0,0,0,0,0,0,0,0,0,0,0,0,0,0,0
0,0,0,0,0,0,0,0,0,0,0,0,0,0,0,0,0,0,0,0,0,0,0,0,0,0,0,0,0,0,0,0,0,0,0,0,0,0,0,0,0,0,0,0,0,0,0,0
0,0,0,0,0,0,0,0,0,0,0,0,0,0,0,0,0,0,0,0,0,0,0,0,0,0,0,0,0,0,0,0,0,0,0,0,0,0,0,0,0,0,0,0,0,0,0,0
0,0,0,0,0,0,0,0,0,0,0,0,0,0,0,0,0,0,0,0,0,0,0,0,0,0,0,0,0,0,0,0,0,0,0,0,0,0,0,0,0,0,0,0,0,0,0,0
0,0,0,0,0,0,0,0,0,0,0,0,0,0,0,0,0,0,0,0,0,0,0,0,0,0,0,0,0,0,0,0,0,0,0,0,0,0,0,0,0,0,0,0,0,0,0,0
0,0,0,0,0,0,0,0,0,0,0,0,0,0,0,0,0,0,0,0,0,0,0,0,0,0,0,0,0,0,0,0,0,0,0,0,0,0,0,0,0,0,0,0,0,0,0,0
0,0,0,0,0,0,0,0,0,0,0,0,0,0,0,0,0,0,0,0,0,0,0,0,0,0,0,0,0,0,0,0,0,0,0,0,0,0,0,0,0,0,0,0,0,0,0,0
0,0,0,0,0,0,0,0,0,0,0,0,0,0,0,0,0,0,0,0,0,0,0,0,0,0,0,0,0,0,0,0,0,0,0,0,0,0,0,0,0,0,0,0,0,0,0,0
0,0,0,0,0,0,0,0,0,0,0,0,0,0,0,0,0,0,0,0,0,0,0,0,0,0,0,0,0,0,0,0,0,0,0,0,0,0,0,0,0,0,0,0,0,0,0,0
0,0,0,0,0,0,0,0,0,0,0,0,0,0,0,0,0,0,0,0,0,0,0,0,0,0,0,0,0,0,0,0,0,0,0,0,0,0,0,0,0,0,0,0,0,0,0,0
0,0,0,0,0,0,0,0,0,0,0,0,0,0,0,0,0,0,0,0,0,0,0,0,0,0,0,0,0,0,0,0,0,0,0,0,0,0,0,0,0,0,0,0,0,0,0,0
0,0,0,0,0,0,0,0,0,0,0,0,0,0,0,0,0,0,0,0,0,0,0,0,0,0,0,0,0,0,0,0,0,0,0,0,0,0,0,0,0,0,0,0,0,0,0,0
0,0,0,0,0,0,0,0,0,0,0,0,0,0,0,0,0,0,0,0,0,0,0,0,0,0,0,0,0,0,0,0,0,0,0,0,0,0,0,0,0,0,0,0,0,0,0,0
0,0,0,0,0,0,0,0,0,0,0,0,0,0,0,0,0,0,0,0,0,0,0,0,0,0,0,0,0,0,0,0,0,0,0,0,0,0,0,0,0,0,0,0,0,0,0,0
0,0,0,0,0,0,0,0,0,0,0,0,0,0,0,0,0,0,0,0,0,0,0,0,0,0,0,0,0,0,0,0,0,0,0,0,0,0,0,0,0,0,0,0,0,0,0,0
0,0,0,0,0,0,0,0,0,0,0,0,0,0,0,0,0,0,0,0,0,0,0,0,0,0,0,0,0,0,0,0,0,0,0,0,0,0,0,0,0,0,0,0,0,0,0,0
0,0,0,0,0,0,0,0,0,0,0,0,0,0,0,0,0,0,0,0,0,0,0,0,0,0,0,0,0,0,0,0,0,0,0,0,0,0,0,0,0,0,0,0,0,0,0,0
0,0,0,0,0,0,0,0,0,0,0,0,0,0,0,0,0,0,0,0,0,0,0,0,0,0,0,0,0,0,0,0,0,0,0,0,0,0,0,0,0,0,0,0,0,0,0,0
0,0,0,0,0,0,0,0,0,0,0,0,0,0,0,0,0,0,0,0,0,0,0,0,0,0,0,0,0,0,0,0,0,0,0,0,0,0,0,0,0,0,0,0,0,0,0,0
 Frame Index: 185, Measurement Time(sec): 06.02

0,0,0,0,0,0,0,0,0,0,0,0,0,0,0,0,0,0,0,0,0,0,0,0,0,0,0,0,0,0,0,0,0,0,0,0,0,127,0,126,0,126,0,128,0,127,127,129
0,0,0,0,0,0,0,0,0,0,0,0,0,0,0,0,0,0,0,0,0,0,0,0,0,0,0,0,0,0,0,0,0,0,0,0,0,129,0,128,0,129,0,128,0,127,128,128
0,0,0,0,0,0,0,0,0,0,0,0,0,0,0,0,0,0,0,0,0,0,0,0,0,0,0,0,0,0,0,0,0,0,0,0,0,129,0,128,0,128,0,128,0,128,128,128
0,0,0,0,0,0,0,0,0,0,0,0,0,0,0,0,0,0,0,0,0,0,0,0,0,0,0,0,0,0,0,0,0,0,0,0,0,127,0,127,0,128,0,128,0,128,129,128
0,0,0,0,0,0,0,0,0,0,0,0,0,0,0,0,0,0,0,0,0,0,0,0,0,0,0,0,0,0,0,0,0,0,0,0,0,128,0,128,0,129,0,128,0,128,126,128
0,0,0,0,0,0,0,0,0,0,0,0,0,0,0,0,0,0,0,0,0,0,0,0,0,0,0,0,0,0,0,0,0,0,0,0,0,128,0,129,0,127,0,128,0,127,127,128
0,0,0,0,0,0,0,0,0,0,0,0,0,0,0,0,0,0,0,0,0,0,0,0,0,0,0,0,0,0,0,0,0,0,0,0,0,129,0,128,0,126,0,129,0,128,128,129
0,0,0,0,0,0,0,0,0,0,0,0,0,0,0,0,0,0,0,0,0,0,0,0,0,0,0,0,0,0,0,0,0,0,0,0,0,126,0,128,0,128,0,129,0,128,128,129
0,0,0,0,0,0,0,0,0,0,0,0,0,0,0,0,0,0,0,0,0,0,0,0,0,0,0,0,0,0,0,0,0,0,0,0,0,128,0,127,0,127,0,128,0,128,128,128
0,0,0,0,0,0,0,0,0,0,0,0,0,0,0,0,0,0,0,0,0,0,0,0,0,0,0,0,0,0,0,0,0,0,0,0,0,128,0,127,0,129,0,129,0,128,128,129
0,0,0,0,0,0,0,0,0,0,0,0,0,0,0,0,0,0,0,0,0,0,0,0,0,0,0,0,0,0,0,0,0,0,0,0,0,128,0,129,0,128,0,129,0,127,128,127
0,0,0,0,0,0,0,0,0,0,0,0,0,0,0,0,0,0,0,0,0,0,0,0,0,0,0,0,0,0,0,0,0,0,0,0,0,128,0,128,0,128,0,129,0,128,128,128
0,0,0,0,0,0,0,0,0,0,0,0,0,0,0,0,0,0,0,0,0,0,0,0,0,0,0,0,0,0,0,0,0,0,0,0,0,127,0,127,0,129,0,128,0,128,128,129
0,0,0,0,0,0,0,0,0,0,0,0,0,0,0,0,0,0,0,0,0,0,0,0,0,0,0,0,0,0,0,0,0,0,0,0,0,129,0,127,0,127,0,128,0,127,128,128
0,0,0,0,0,0,0,0,0,0,0,0,0,0,0,0,0,0,0,0,0,0,0,0,0,0,0,0,0,0,0,0,0,0,0,0,0,127,0,128,0,127,0,128,0,129,128,128
0,0,0,0,0,0,0,0,0,0,0,0,0,0,0,0,0,0,0,0,0,0,0,0,0,0,0,0,0,0,0,0,0,0,0,0,0,126,0,128,0,128,0,128,0,129,128,127
0,0,0,0,0,0,0,0,0,0,0,0,0,0,0,0,0,0,0,0,0,0,0,0,0,0,0,0,0,0,0,0,0,0,0,0,0,128,0,129,0,129,0,129,0,128,128,128
0,0,0,0,0,0,0,0,0,0,0,0,0,0,0,0,0,0,0,0,0,0,0,0,0,0,0,0,0,0,0,0,0,0,0,0,0,129,0,128,0,128,0,128,0,127,128,129
0,0,0,0,0,0,0,0,0,0,0,0,0,0,0,0,0,0,0,0,0,0,0,0,0,0,0,0,0,0,0,0,0,0,0,0,0,127,0,129,0,127,0,128,0,127,128,127
0,0,0,0,0,0,0,0,0,0,0,0,0,0,0,0,0,0,0,0,0,0,0,0,0,0,0,0,0,0,0,0,0,0,0,0,0,129,0,128,0,128,0,129,0,127,128,129
0,0,0,0,0,0,0,0,0,0,0,0,0,0,0,0,0,0,0,0,0,0,0,0,0,0,0,0,0,0,0,0,0,0,0,0,0,129,0,129,0,128,0,128,0,128,128,128
0,0,0,0,0,0,0,0,0,0,0,0,0,0,0,0,0,0,0,0,0,0,0,0,0,0,0,0,0,0,0,0,0,0,0,0,0,129,0,129,0,128,0,128,0,128,128,128
0,0,0,0,0,0,0,0,0,0,0,0,0,0,0,0,0,0,0,0,0,0,0,0,0,0,0,0,0,0,0,0,0,0,0,0,0,128,0,128,0,127,0,128,0,128,128,127
0,0,0,0,0,0,0,0,0,0,0,0,0,0,0,0,0,0,0,0,0,0,0,0,0,0,0,0,0,0,0,0,0,0,0,0,0,129,0,128,0,129,0,129,0,128,128,128
0,0,0,0,0,0,0,0,0,0,0,0,0,0,0,0,0,0,0,0,0,0,0,0,0,0,0,0,0,0,0,0,0,0,0,0,0,127,0,128,0,128,0,128,0,128,129,129
0,0,0,0,0,0,0,0,0,0,0,0,0,0,0,0,0,0,0,0,0,0,0,0,0,0,0,0,0,0,0,0,0,0,0,0,0,128,0,128,0,128,0,128,0,128,128,129
0,0,0,0,0,0,0,0,0,0,0,0,0,0,0,0,0,0,0,0,0,0,0,0,0,0,0,0,0,0,0,0,0,0,0,0,0,128,0,127,0,128,0,127,0,128,128,128
0,0,0,0,0,0,0,0,0,0,0,0,0,0,0,0,0,0,0,0,0,0,0,0,0,0,0,0,0,0,0,0,0,0,0,0,0,128,0,128,0,128,0,128,0,128,128,129
0,0,0,0,0,0,0,0,0,0,0,0,0,0,0,0,0,0,0,0,0,0,0,0,0,0,0,0,0,0,0,0,0,0,0,0,0,131,0,131,0,131,0,131,0,131,130,131
0,0,0,0,0,0,0,0,0,0,0,0,0,0,0,0,0,0,0,0,0,0,0,0,0,0,0,0,0,0,0,0,0,0,0,0,0,127,0,129,0,129,0,129,0,128,127,129
0,0,0,0,0,0,0,0,0,0,0,0,0,0,0,0,0,0,0,0,0,0,0,0,0,0,0,0,0,0,0,0,0,0,0,0,0,129,0,128,0,128,0,127,0,127,128,128
0,0,0,0,0,0,0,0,0,0,0,0,0,0,0,0,0,0,0,0,0,0,0,0,0,0,0,0,0,0,0,0,0,0,0,0,0,127,0,128,0,128,0,128,0,128,126,128
0,0,0,0,0,0,0,0,0,0,0,0,0,0,0,0,0,0,0,0,0,0,0,0,0,0,0,0,0,0,0,0,0,0,0,0,0,127,0,127,0,128,0,129,0,128,128,128
0,0,0,0,0,0,0,0,0,0,0,0,0,0,0,0,0,0,0,0,0,0,0,0,0,0,0,0,0,0,0,0,0,0,0,0,0,128,0,129,0,128,0,128,0,128,128,129
0,0,0,0,0,0,0,0,0,0,0,0,0,0,0,0,0,0,0,0,0,0,0,0,0,0,0,0,0,0,0,0,0,0,0,0,0,128,0,128,0,129,0,128,0,128,128,128
0,0,0,0,0,0,0,0,0,0,0,0,0,0,0,0,0,0,0,0,0,0,0,0,0,0,0,0,0,0,0,0,0,0,0,0,0,128,0,127,0,128,0,130,0,128,129,129
0,0,0,0,0,0,0,0,0,0,0,0,0,0,0,0,0,0,0,0,0,0,0,0,0,0,0,0,0,0,0,0,0,0,0,0,0,128,0,127,0,128,0,128,0,128,128,128
0,0,0,0,0,0,0,0,0,0,0,0,0,0,0,0,0,0,0,0,0,0,0,0,0,0,0,0,0,0,0,0,0,0,0,0,0,128,0,128,0,129,0,128,0,128,127,127
0,0,0,0,0,0,0,0,0,0,0,0,0,0,0,0,0,0,0,0,0,0,0,0,0,0,0,0,0,0,0,0,0,0,0,0,0,128,0,128,0,128,0,128,0,128,128,128
0,0,0,0,0,0,0,0,0,0,0,0,0,0,0,0,0,0,0,0,0,0,0,0,0,0,0,0,0,0,0,0,0,0,0,0,0,129,0,128,0,129,0,127,0,127,128,128
0,0,0,0,0,0,0,0,0,0,0,0,0,0,0,0,0,0,0,0,0,0,0,0,0,0,0,0,0,0,0,0,0,0,0,0,0,127,0,129,0,128,0,128,0,128,130,128
0,0,0,0,0,0,0,0,0,0,0,0,0,0,0,0,0,0,0,0,0,0,0,0,0,0,0,0,0,0,0,0,0,0,0,0,0,127,0,128,0,128,0,127,0,128,128,129
0,0,0,0,0,0,0,0,0,0,0,0,0,0,0,0,0,0,0,0,0,0,0,0,0,0,0,0,0,0,0,0,0,0,0,0,0,129,0,129,0,128,0,129,0,127,129,128
0,0,0,0,0,0,0,0,0,0,0,0,0,0,0,0,0,0,0,0,0,0,0,0,0,0,0,0,0,0,0,0,0,0,0,0,0,128,0,129,0,128,0,128,0,128,128,128
0,0,0,0,0,0,0,0,0,0,0,0,0,0,0,0,0,0,0,0,0,0,0,0,0,0,0,0,0,0,0,0,0,0,0,0,0,129,0,128,0,128,0,128,0,128,128,129
0,0,0,0,0,0,0,0,0,0,0,0,0,0,0,0,0,0,0,0,0,0,0,0,0,0,0,0,0,0,0,0,0,0,0,0,0,128,0,128,0,127,0,128,0,129,128,128
0,0,0,0,0,0,0,0,0,0,0,0,0,0,0,0,0,0,0,0,0,0,0,0,0,0,0,0,0,0,0,0,0,0,0,0,0,127,0,128,0,127,0,128,0,128,127,129
0,0,0,0,0,0,0,0,0,0,0,0,0,0,0,0,0,0,0,0,0,0,0,0,0,0,0,0,0,0,0,0,0,0,0,0,0,128,0,129,0,128,0,128,0,128,129,128
 Frame Index: 217, Measurement Time(sec): 07.01

127,126,127,127,126,127,125,126,127,125,126,126,127,125,127,125,125,127,126,127,126,127,126,127,126,126,126,124,127,125,126,126,128,127,126,125,126,126,125,125,125,125,125,126,126,126,126,128
128,127,127,128,127,126,127,127,127,128,127,127,127,128,127,126,127,127,127,127,126,127,127,126,126,127,126,127,127,127,127,128,127,128,128,127,127,128,126,126,128,128,127,127,127,126,127,127
0,127,127,126,127,126,127,126,127,127,126,127,127,126,126,127,127,127,126,126,127,127,127,127,127,127,127,125,126,126,127,126,127,127,126,128,126,128,127,127,127,127,127,127,126,127,127,126
126,126,127,127,127,127,127,127,126,126,127,128,127,127,126,127,125,127,127,127,126,127,125,127,125,126,127,126,126,127,127,126,126,127,126,127,126,126,127,126,127,126,126,127,127,127,128,127
126,127,127,127,126,127,127,127,127,127,126,127,127,127,126,127,126,127,126,127,126,127,126,127,125,127,127,128,127,127,127,128,128,127,127,126,126,127,128,126,127,127,127,127,126,127,125,127
128,127,127,127,127,127,127,127,126,127,128,127,127,128,126,127,128,127,127,128,127,125,127,127,128,127,127,127,127,127,127,127,127,127,127,127,128,127,128,127,128,126,127,127,128,126,126,127
126,126,127,127,127,127,126,127,127,127,126,127,127,127,128,127,127,127,124,127,127,127,127,126,127,127,127,126,125,126,127,128,126,127,127,127,127,128,126,127,127,125,127,128,125,127,127,127
127,126,127,127,126,127,127,127,126,127,127,126,127,127,126,127,126,127,127,127,128,127,127,128,126,128,126,126,127,128,127,127,126,127,127,128,128,125,126,127,127,127,126,128,127,127,127,128
127,127,126,126,128,128,127,126,126,127,128,127,126,127,127,127,127,127,126,127,127,127,127,127,126,126,127,127,127,127,126,127,126,127,127,126,127,127,126,126,127,126,126,127,126,127,127,127
127,127,126,127,127,127,128,127,126,127,127,127,127,126,127,126,126,128,125,127,127,126,126,127,127,127,126,127,127,127,126,127,126,127,126,127,127,127,126,126,127,127,125,127,126,127,127,128
127,127,127,125,128,128,128,126,128,127,126,127,127,127,127,127,127,127,127,126,126,126,126,127,125,127,128,128,126,128,127,127,127,127,126,127,127,127,127,128,127,127,127,127,126,126,127,126
126,127,127,127,127,127,127,127,128,127,126,127,127,127,127,127,127,127,127,127,127,127,126,127,127,126,127,127,127,127,128,126,127,127,126,127,126,126,126,127,127,127,126,127,128,126,127,126
127,126,127,126,126,127,127,127,127,128,128,127,126,128,127,126,127,126,127,127,127,127,128,127,127,127,126,127,127,126,127,127,127,127,127,127,126,126,127,126,126,127,127,127,127,127,127,128
128,126,128,127,126,127,127,127,125,127,127,127,127,127,126,127,127,127,125,126,126,125,127,128,127,127,128,127,128,127,126,127,127,127,127,127,127,128,127,126,127,125,126,127,128,126,127,127
126,126,127,128,126,127,126,127,127,128,127,127,127,127,127,128,127,127,127,127,127,128,127,127,126,127,128,127,127,128,125,127,128,127,128,125,127,126,126,127,127,126,127,127,126,127,127,127
127,127,127,127,127,128,128,126,128,127,127,127,127,127,127,126,127,127,127,127,126,126,128,127,127,127,127,127,127,128,126,127,126,127,127,127,127,125,126,127,128,127,126,127,128,127,127,126
126,127,126,127,126,127,127,126,127,128,128,126,126,127,126,127,127,127,126,127,127,127,126,127,125,127,126,126,126,127,127,128,127,128,127,127,128,127,127,128,127,127,127,128,126,127,127,127
126,126,127,127,126,127,128,127,127,128,126,127,127,127,127,128,126,127,127,128,127,126,126,127,127,127,127,126,127,129,127,127,127,126,127,127,127,128,127,126,127,127,127,127,126,126,127,128
127,127,128,126,127,127,127,126,127,126,127,125,126,127,126,127,127,127,127,127,127,127,127,126,127,127,128,126,125,126,126,125,127,127,126,127,127,125,126,127,127,126,126,127,127,126,127,126
127,127,126,127,127,127,126,126,127,126,126,127,128,127,127,126,125,126,127,127,126,126,127,127,127,127,127,127,126,127,126,127,126,127,127,127,127,128,126,127,127,127,127,127,127,126,127,127
0,126,127,127,127,127,127,126,128,127,128,128,127,128,127,128,127,126,126,128,127,127,127,127,127,128,127,127,127,127,126,128,127,127,126,127,125,127,127,127,127,127,127,126,127,127,127,127
0,128,127,127,128,127,127,127,126,125,126,128,126,127,127,127,128,127,128,127,129,127,127,127,126,127,127,127,127,128,127,127,127,128,128,127,126,128,127,127,127,127,127,127,127,127,127,127
0,127,128,127,127,127,126,125,127,128,125,127,127,126,126,127,126,127,126,127,126,126,127,128,127,126,126,127,127,126,127,126,128,127,125,127,126,127,126,127,127,126,127,127,125,127,127,126
0,128,127,128,127,128,128,128,127,128,128,127,128,128,127,126,127,127,128,127,129,128,128,128,127,127,127,128,127,128,126,128,128,127,128,127,128,128,129,127,128,128,126,128,127,127,127,127
0,126,127,126,127,128,127,127,127,127,127,127,127,127,127,127,127,126,127,127,127,127,127,128,126,127,125,127,127,126,128,127,127,127,127,127,127,125,126,127,127,127,126,127,127,127,128,128
0,126,127,127,127,127,127,126,127,127,127,127,127,127,127,127,127,127,126,127,126,127,127,127,126,127,126,128,127,127,126,126,127,127,127,126,127,127,127,127,127,127,127,127,127,127,127,128
0,127,127,127,128,127,127,127,128,128,127,127,128,127,127,127,126,127,126,127,127,128,127,127,127,127,125,127,126,127,126,127,127,127,127,126,127,127,124,126,127,127,127,126,127,127,127,127
0,126,127,127,127,126,127,127,127,127,127,127,127,127,127,127,126,127,127,127,127,127,126,127,126,127,127,127,127,126,127,127,127,127,127,127,127,127,126,127,127,127,128,127,127,127,128,128
0,130,129,129,130,128,129,130,129,130,130,129,129,129,130,129,129,130,129,130,130,128,128,129,130,130,130,129,129,129,128,129,130,128,130,129,129,129,128,129,130,130,130,129,130,129,129,130
0,127,127,127,126,126,126,127,126,127,128,127,128,126,127,128,126,127,127,128,127,128,127,127,127,127,126,127,126,127,127,127,126,127,126,126,127,126,127,127,127,127,127,128,127,127,126,128
0,127,127,127,127,128,127,127,127,127,126,126,126,127,126,128,127,127,127,127,128,127,125,127,126,128,127,126,127,127,125,126,126,128,126,127,127,127,126,127,127,127,126,126,127,126,127,127
0,128,127,127,126,127,127,127,127,127,128,127,126,128,127,127,127,127,127,127,127,127,127,126,127,127,127,127,127,127,127,127,127,127,126,127,127,126,127,127,127,127,127,127,127,127,126,127
0,126,127,127,117,128,127,127,128,127,127,127,127,127,127,127,127,127,128,128,128,126,127,126,128,126,127,126,126,126,127,127,127,126,127,126,125,126,126,126,127,127,126,127,127,127,128,126
0,127,127,127,107,127,127,127,126,127,127,125,128,127,127,128,128,127,127,126,126,127,127,129,125,126,126,127,127,127,126,126,126,127,127,126,128,126,126,128,127,127,127,127,127,127,127,127
0,127,126,127,0,127,126,127,127,128,127,127,127,127,126,127,127,125,127,127,126,127,127,127,126,127,127,127,126,127,128,126,127,127,127,127,126,127,125,127,127,128,127,127,127,127,127,127
0,125,127,127,0,127,127,127,126,128,127,126,126,126,127,127,127,126,127,127,127,127,127,127,127,127,127,127,127,127,126,126,127,127,127,128,128,127,126,126,127,127,127,129,127,127,129,127
0,126,127,127,0,126,127,126,127,127,127,126,128,127,127,127,127,126,128,126,126,128,126,128,125,127,126,128,128,125,127,126,127,127,127,126,128,127,127,125,128,127,128,127,127,127,128,126
0,127,126,128,0,127,125,128,127,126,127,127,127,127,127,127,126,126,127,127,127,127,127,127,127,127,126,127,126,127,127,127,127,127,127,127,127,126,127,127,126,128,127,127,127,127,127,126
0,127,2,127,0,126,127,127,127,128,127,127,127,126,126,127,128,127,127,126,127,128,126,128,126,127,126,127,127,127,127,126,127,126,126,127,127,127,125,127,127,127,128,127,127,127,127,127
0,127,0,126,0,128,126,127,127,127,126,128,126,128,127,127,127,127,127,127,127,127,127,127,127,127,127,127,127,127,126,127,127,127,124,128,126,128,126,127,127,127,125,126,128,126,127,127
0,125,0,128,0,127,127,128,126,127,128,127,127,126,127,128,127,127,126,127,126,127,127,126,128,126,126,127,127,128,127,126,126,127,127,127,127,126,126,127,126,126,127,126,126,127,129,127
0,128,0,127,0,128,127,127,127,127,128,127,127,126,127,127,127,127,126,126,127,127,126,127,126,128,127,126,128,127,127,127,127,127,127,127,125,126,127,127,127,126,126,126,127,127,127,128
0,126,0,125,0,126,127,127,126,129,126,127,125,126,127,127,126,127,126,128,126,126,128,127,126,126,126,128,125,127,127,128,127,127,127,128,127,128,125,128,127,127,128,128,128,126,128,127
0,127,0,128,0,127,127,127,126,127,127,128,127,126,127,127,127,127,127,126,128,127,127,125,127,127,127,126,128,127,127,126,126,127,128,127,126,127,127,127,127,127,127,126,127,127,127,127
0,127,0,127,0,127,127,126,127,128,126,127,127,127,127,127,127,125,126,127,126,127,128,126,127,126,127,128,126,127,128,127,126,127,127,127,127,128,126,127,128,127,127,127,127,127,127,128
0,127,0,128,0,127,127,128,126,128,127,127,127,126,128,127,127,129,127,127,127,127,127,128,126,127,126,127,127,127,125,127,127,126,128,127,127,127,126,127,126,126,127,127,127,128,127,127
0,127,0,128,0,127,127,127,127,128,127,127,125,128,127,128,126,126,128,127,127,127,127,128,126,127,127,127,127,125,128,128,126,127,126,128,127,126,126,127,127,126,127,127,127,127,126,128
0,101,0,127,0,128,11,127,126,127,127,127,127,128,128,127,127,127,127,127,127,128,126,127,126,128,126,127,127,127,127,126,127,126,127,127,127,127,127,127,127,127,126,127,128,127,128,127
 Frame Index: 248, Measurement Time(sec): 08.01

127,126,127,127,126,127,125,126,127,125,126,126,127,125,127,125,125,127,126,127,126,127,126,127,126,126,126,124,127,125,126,126,128,127,126,125,126,126,125,125,125,125,125,127,126,126,126,128
128,127,127,128,127,126,127,127,127,128,127,127,127,128,127,126,127,127,126,127,126,127,127,126,126,127,126,127,127,127,127,128,127,128,128,127,127,128,126,126,128,128,127,127,127,126,127,127
127,127,127,126,127,126,127,126,127,127,126,127,127,126,126,127,127,127,126,126,127,127,127,127,127,127,127,125,126,126,127,126,127,127,126,128,126,128,128,127,127,127,127,127,126,127,127,126
126,126,127,127,127,127,127,127,126,126,127,128,127,127,126,127,125,126,127,127,126,127,125,127,125,126,127,126,126,127,127,126,126,127,126,127,126,126,127,126,127,126,126,127,127,127,128,127
126,127,127,127,126,127,127,127,127,127,126,127,127,127,126,127,126,127,126,127,126,127,127,127,126,127,127,128,127,127,127,128,128,127,127,126,126,127,128,127,127,127,127,127,126,127,125,127
128,127,127,127,127,127,127,127,126,127,128,127,127,128,126,127,128,127,127,128,127,125,127,127,128,127,127,127,127,127,127,127,127,127,127,127,128,127,128,127,128,126,127,127,128,126,126,127
126,127,127,127,127,127,126,127,126,127,126,127,127,127,127,127,127,127,124,127,127,127,127,126,127,127,127,126,125,126,127,128,126,127,127,127,127,128,126,127,127,125,126,128,126,127,127,127
127,126,127,127,125,127,127,127,126,127,127,126,127,127,126,127,126,127,127,127,127,127,127,128,126,128,126,126,127,128,127,127,126,127,127,128,128,125,126,127,127,127,126,128,127,127,127,128
128,127,126,126,128,128,127,126,126,127,128,127,126,127,127,127,127,127,126,127,127,127,127,127,126,126,128,127,127,127,126,127,127,127,127,126,127,127,127,126,127,126,126,127,127,127,127,127
127,127,126,127,127,127,128,127,126,127,127,127,127,126,128,126,127,128,125,127,126,126,126,127,127,127,126,127,127,127,126,127,126,127,126,127,127,127,126,126,127,127,125,127,126,127,127,128
127,126,126,125,128,128,128,126,128,127,126,127,127,127,127,127,127,127,127,126,126,126,126,127,125,127,128,128,126,128,127,127,127,127,126,127,127,127,127,128,127,127,127,127,126,126,127,126
126,127,127,127,127,127,127,127,128,127,126,127,127,127,127,127,127,127,127,127,127,127,126,127,127,126,127,127,127,127,128,126,127,127,126,127,126,126,126,127,127,127,126,127,128,126,127,126
127,126,127,126,126,127,127,127,127,128,128,127,126,128,127,127,127,126,127,127,127,127,128,127,127,127,126,127,127,126,127,127,127,127,127,127,126,126,127,126,126,127,127,127,127,127,127,128
128,126,128,127,126,127,127,126,125,127,127,127,127,127,126,127,127,127,125,126,126,125,127,128,127,127,128,127,128,127,126,127,127,127,127,127,127,128,127,126,127,125,126,127,128,126,127,127
126,126,127,128,126,127,126,127,127,127,127,127,127,127,127,128,127,127,127,127,127,128,127,127,126,127,128,127,127,128,125,127,128,127,128,125,127,126,127,127,127,126,127,127,126,128,127,127
127,127,127,127,127,128,128,126,128,127,127,126,127,127,127,127,127,127,127,127,126,126,128,127,127,127,127,127,127,128,126,127,126,127,127,127,127,125,125,127,128,127,126,127,128,127,127,126
126,127,126,127,126,127,127,126,127,128,128,126,126,127,126,127,127,127,126,127,127,127,126,127,125,127,126,126,126,127,126,128,127,128,127,127,127,127,127,128,127,127,127,128,126,127,127,127
126,127,128,128,126,127,128,127,127,128,126,127,127,127,127,128,126,127,128,128,127,126,126,127,127,127,127,126,127,129,127,127,127,126,127,127,127,128,127,126,127,127,127,127,126,126,127,128
127,127,128,126,127,127,127,126,127,126,127,126,126,127,126,127,127,127,126,127,127,127,127,125,127,127,128,126,125,126,126,125,127,127,126,127,127,125,126,127,127,126,127,127,127,126,127,126
127,128,126,127,127,127,126,127,127,126,126,127,128,127,127,126,125,126,127,127,126,126,127,127,127,127,127,127,126,127,126,127,126,128,127,127,127,128,126,127,127,127,127,127,127,126,127,127
126,126,127,127,127,127,127,126,128,127,128,128,127,128,127,128,127,126,126,128,127,127,127,127,127,128,127,127,126,127,126,128,127,127,126,127,125,127,127,127,127,127,127,126,127,127,127,127
127,127,127,127,128,126,127,127,126,126,126,128,126,127,127,126,128,127,128,127,129,127,127,127,126,127,127,127,127,128,127,127,127,128,128,127,126,128,127,127,127,127,127,127,127,127,127,127
127,127,128,127,127,127,126,125,127,128,125,127,127,126,126,127,126,127,126,127,126,127,127,128,127,126,126,127,127,126,127,126,128,127,125,127,126,127,126,127,127,126,127,127,125,127,127,126
126,128,127,128,127,128,128,128,127,128,128,127,128,128,127,126,127,127,128,127,129,128,128,128,127,127,127,128,127,128,126,128,128,127,128,127,128,128,129,127,128,128,126,128,127,127,127,127
126,125,127,126,127,128,127,127,127,127,127,127,127,127,127,127,127,126,126,127,127,127,127,128,126,127,125,127,127,126,128,127,127,127,127,127,127,125,126,127,127,127,126,127,127,127,128,128
126,126,127,127,127,127,127,126,127,127,127,127,127,127,127,127,127,127,126,127,126,127,127,127,126,127,125,127,127,127,126,126,127,127,127,126,127,127,127,127,127,127,127,127,127,127,127,128
127,126,127,127,128,127,127,127,128,128,127,127,128,127,127,127,126,127,126,127,127,128,127,127,127,127,125,127,126,127,126,127,127,127,127,126,127,127,124,126,127,127,127,126,127,127,127,127
126,126,127,127,127,126,127,127,127,127,127,127,127,127,127,127,126,127,127,127,127,127,126,127,126,127,127,127,127,126,127,127,127,127,127,127,127,127,126,127,127,127,128,127,127,127,128,128
129,129,129,129,130,128,129,130,129,130,130,129,129,129,130,129,129,130,129,130,130,128,128,129,130,130,130,129,129,129,128,129,130,128,130,129,129,129,128,129,130,130,130,129,130,129,129,130
126,127,127,127,126,126,126,127,126,127,128,127,128,126,127,127,126,127,127,128,127,128,127,127,127,127,126,127,126,127,127,127,126,127,126,126,127,126,127,127,127,127,127,128,127,127,126,128
127,127,127,127,128,128,127,127,127,127,126,126,126,127,126,127,126,127,127,127,128,127,125,127,126,128,127,126,127,127,125,126,126,127,126,127,127,127,126,127,127,127,126,126,127,126,127,127
126,127,127,127,127,127,127,127,127,127,128,127,126,128,126,127,127,127,127,127,127,127,127,126,127,127,127,127,127,127,127,127,127,127,126,127,127,126,127,127,127,127,127,127,127,127,126,127
127,126,127,127,126,127,127,127,128,127,127,127,127,127,127,127,127,127,128,128,128,126,127,126,128,126,127,126,126,126,127,127,127,126,127,126,125,126,126,126,127,127,126,127,127,127,128,126
126,127,127,127,127,127,127,127,126,127,127,125,128,127,127,127,128,127,127,126,126,127,127,129,125,126,126,127,127,127,126,126,126,127,127,126,128,126,126,128,127,127,127,127,127,127,127,127
127,127,126,127,127,127,126,126,127,128,127,127,127,127,126,127,127,125,127,127,126,127,127,127,126,127,127,127,126,127,128,126,127,127,127,127,126,127,125,127,127,128,127,127,127,127,127,127
126,125,127,127,125,126,127,127,126,128,127,126,126,126,127,127,127,126,127,127,127,127,127,127,127,126,127,127,127,127,126,126,127,127,127,128,128,127,126,126,127,127,127,129,127,127,128,127
126,126,127,126,128,126,127,126,127,127,127,126,128,127,127,127,127,126,128,126,126,128,126,128,125,127,126,127,128,125,127,126,127,127,127,126,128,127,127,125,128,127,127,127,127,127,128,127
128,127,127,127,127,126,126,127,127,126,127,127,127,127,127,126,126,126,127,127,127,127,127,127,127,127,126,127,126,127,127,127,127,127,127,127,127,126,127,127,126,128,127,127,127,127,127,126
127,127,126,126,127,126,127,127,127,128,127,127,127,126,126,127,128,127,127,126,127,128,126,128,126,127,126,127,127,127,127,126,127,126,126,127,127,127,125,127,127,127,128,127,127,127,127,127
126,126,128,126,128,128,126,127,127,127,126,127,126,128,127,127,126,127,127,127,127,127,127,127,127,127,127,126,127,127,126,127,127,127,124,128,126,128,126,127,127,127,125,126,127,126,127,127
127,125,127,127,127,127,127,127,126,127,128,127,127,126,127,127,127,127,126,127,126,127,126,126,128,126,126,127,127,128,127,126,126,127,127,126,127,126,126,127,126,126,127,126,126,126,129,127
126,127,127,127,128,127,127,127,127,127,128,127,127,126,127,127,127,127,126,126,127,127,126,127,126,128,127,126,128,127,127,127,127,127,126,127,125,126,127,127,127,126,126,126,127,127,127,128
127,126,127,125,126,126,127,126,126,129,126,126,125,126,127,127,126,127,126,128,126,126,128,127,126,126,126,128,125,127,127,128,127,127,127,128,127,127,125,128,127,127,128,128,128,126,128,127
127,127,127,127,128,127,127,127,126,127,127,127,127,126,127,127,127,127,127,126,128,127,127,125,127,127,127,126,128,127,127,126,126,127,128,127,126,127,127,127,127,127,127,126,127,127,127,127
126,127,127,127,127,127,127,126,127,128,126,127,127,127,127,127,127,125,126,127,126,127,128,126,127,126,126,127,126,127,128,127,126,126,127,127,127,128,126,126,128,127,127,127,127,127,127,128
126,127,126,127,127,126,128,127,126,128,127,127,127,126,127,127,127,128,127,127,127,127,127,128,126,127,126,127,127,127,125,127,127,126,128,127,127,127,126,127,126,126,127,127,127,128,127,127
125,127,127,127,128,127,127,127,127,128,127,127,125,127,127,127,126,126,127,127,127,127,127,127,126,127,127,127,127,125,128,128,126,127,126,128,127,126,125,127,127,126,127,127,127,127,126,128
127,126,127,126,127,128,127,127,126,127,127,127,127,128,128,127,127,127,127,127,127,128,126,127,126,127,126,127,127,127,127,126,127,126,127,127,127,127,127,127,127,127,126,127,128,127,128,126
 Frame Index: 280, Measurement Time(sec): 09.03

127,127,127,127,126,127,125,126,127,125,126,126,127,125,127,125,125,127,126,127,126,127,126,127,126,126,126,124,127,125,126,127,128,127,126,125,126,126,125,125,125,125,125,126,126,126,126,128
128,127,127,128,127,126,127,127,127,128,127,128,127,128,127,126,127,126,126,127,126,127,127,126,126,127,126,128,127,127,127,127,127,128,127,127,127,128,126,126,128,128,127,127,127,126,127,127
127,127,127,126,127,126,127,126,127,127,126,127,127,126,126,127,127,127,126,127,127,127,127,127,127,127,127,125,126,126,127,126,127,127,126,128,126,128,127,127,127,127,127,127,126,127,127,126
126,126,127,127,127,127,127,127,126,126,127,128,127,127,126,127,125,126,127,127,126,127,126,127,125,126,127,126,126,127,127,126,126,127,126,127,126,126,127,126,127,126,126,127,127,127,128,127
126,127,127,127,126,127,127,127,127,127,126,127,127,127,126,127,126,127,126,127,126,127,126,127,126,127,127,128,127,127,127,128,128,127,127,126,126,127,128,127,127,127,127,127,126,127,125,127
128,127,127,127,127,127,127,127,126,127,128,127,127,128,126,127,128,127,127,128,127,125,127,127,128,127,127,127,127,127,127,127,127,127,127,127,128,127,128,127,128,126,127,127,128,126,126,127
126,126,127,127,127,127,126,127,127,127,126,127,127,127,128,127,127,127,124,127,127,127,127,126,127,127,127,126,125,126,127,128,126,127,127,127,127,128,126,127,127,125,127,128,125,127,127,127
127,126,127,127,126,127,127,127,126,127,127,126,127,127,126,127,126,127,127,127,128,127,127,128,126,128,126,126,127,128,127,127,126,127,127,128,128,125,126,127,127,127,126,128,127,127,127,128
128,127,126,126,128,128,127,126,126,127,128,127,126,127,127,127,127,127,126,127,127,127,127,127,126,126,128,127,127,127,127,127,126,127,128,126,127,127,127,126,127,126,126,127,127,127,127,127
127,127,126,127,127,127,128,127,126,127,128,127,127,126,127,126,126,128,125,127,127,126,126,127,127,127,126,127,127,127,126,127,126,127,126,127,127,127,126,126,127,127,125,127,126,127,127,127
127,127,127,125,127,128,128,126,128,127,126,127,127,127,128,127,127,127,127,126,126,126,126,127,125,127,128,127,126,128,127,127,127,127,126,127,127,127,127,128,127,127,127,127,126,126,127,126
125,127,127,127,127,127,127,127,128,127,126,127,127,127,127,127,127,127,127,127,127,127,126,127,127,126,127,127,127,127,128,126,127,127,126,127,126,126,126,127,127,127,126,127,128,126,127,126
127,126,127,126,126,127,127,127,127,128,128,127,126,128,127,126,127,126,127,127,127,127,128,127,127,127,126,127,127,127,127,127,127,127,127,127,126,126,127,126,126,127,127,127,127,127,127,128
128,126,128,127,126,127,127,126,125,127,127,127,127,127,126,127,127,127,125,126,126,125,127,128,127,127,128,127,128,127,126,127,127,127,127,127,127,128,127,126,127,125,126,127,128,126,127,127
126,126,127,128,126,127,126,127,127,128,127,127,127,127,127,128,127,127,127,127,127,128,127,127,126,127,128,127,127,128,125,127,128,127,128,125,127,126,127,127,127,126,127,127,126,128,127,127
127,127,127,127,127,128,128,126,128,127,127,127,127,127,127,127,127,127,127,127,126,126,128,127,127,127,127,127,127,128,126,127,126,127,127,127,127,125,125,127,128,127,126,127,128,127,127,126
126,127,126,127,126,127,127,127,127,128,128,126,126,127,126,127,127,127,126,127,127,127,126,128,125,127,126,126,126,127,127,128,127,128,127,127,127,127,127,128,127,127,127,128,126,127,127,127
126,126,127,127,126,127,128,127,127,128,126,127,127,127,127,128,126,127,128,128,128,126,126,127,127,127,127,126,127,129,127,127,127,126,127,127,127,128,127,126,127,127,127,127,126,126,127,128
127,127,128,126,127,127,127,126,127,126,127,126,127,127,126,127,127,127,127,127,127,127,127,126,127,127,128,126,125,126,126,125,127,127,126,127,127,125,126,127,127,126,126,127,127,126,127,126
127,127,126,127,127,127,126,126,127,126,127,127,128,127,127,126,125,126,127,127,126,126,127,127,127,127,127,127,126,127,126,127,126,127,127,127,127,128,126,126,127,127,127,127,127,126,127,127
126,126,127,126,127,128,127,126,128,127,128,128,127,128,127,127,127,126,126,127,127,127,127,127,127,128,127,127,127,127,126,128,127,127,126,127,125,127,127,128,127,127,127,126,127,127,127,127
127,127,127,127,128,126,127,127,126,126,126,128,126,127,127,126,128,127,128,127,129,127,127,127,126,127,127,127,127,128,127,127,127,127,128,127,126,128,127,127,127,127,127,127,127,127,127,127
127,127,128,127,127,127,126,125,127,128,125,127,127,126,126,127,126,127,126,127,126,127,127,128,127,126,126,127,127,126,127,126,128,127,125,127,126,127,126,127,127,126,127,127,125,127,127,126
126,128,127,128,127,128,128,128,127,128,128,127,128,128,127,126,127,128,128,127,129,128,128,128,127,127,127,128,127,128,126,128,128,127,128,127,128,128,129,127,128,128,126,128,127,127,127,127
126,125,127,126,127,128,127,127,127,127,127,127,127,127,127,127,127,126,126,127,127,127,127,128,126,127,125,127,127,126,128,127,127,127,127,127,127,125,126,127,127,127,126,127,127,127,128,128
126,126,127,127,127,127,127,126,127,127,127,127,127,127,127,127,127,127,126,127,126,127,127,127,126,127,125,127,127,127,126,126,127,127,127,126,127,127,127,127,127,127,127,127,127,127,127,128
127,126,127,127,128,127,127,127,128,128,127,127,128,127,127,127,126,127,126,127,127,128,127,127,127,127,125,127,126,127,126,127,127,127,127,126,127,127,124,126,127,127,127,126,127,127,127,127
126,126,127,127,127,126,127,127,127,127,127,127,127,127,127,127,126,127,127,127,127,127,126,127,126,127,127,127,127,126,127,127,127,127,127,127,127,127,126,127,127,127,128,127,127,127,128,128
129,129,129,129,130,128,129,130,129,130,130,129,129,129,130,128,129,130,129,130,129,128,128,129,130,130,130,129,129,129,128,129,130,128,130,129,129,129,128,129,130,130,130,129,130,129,129,130
126,127,127,127,126,126,126,127,126,127,127,127,128,126,127,128,126,127,127,128,127,128,127,127,127,127,126,127,126,127,127,128,126,127,126,126,127,126,127,127,127,128,127,127,127,127,126,128
127,127,127,127,128,128,127,127,127,127,126,126,126,127,126,127,127,127,127,127,127,127,125,127,126,128,127,126,127,127,125,126,126,127,126,127,127,127,126,127,127,127,126,126,127,126,127,127
126,127,127,127,127,126,127,127,127,127,128,127,126,128,127,127,127,127,127,127,127,127,127,127,127,127,127,127,127,127,127,127,127,127,126,127,127,126,127,127,127,127,127,127,127,127,126,127
127,126,127,127,126,128,127,127,128,127,128,127,127,127,127,127,127,127,127,128,128,126,127,126,127,126,127,126,126,126,127,127,127,126,127,126,125,126,126,126,127,127,126,127,127,127,127,126
126,127,127,127,127,127,127,127,126,127,127,125,127,127,127,127,128,127,127,126,126,127,127,129,125,126,126,127,127,127,126,126,126,127,127,126,128,126,126,128,127,127,127,127,127,127,127,127
127,126,126,127,128,127,126,126,127,128,127,127,127,127,126,127,127,125,127,127,126,127,127,127,126,127,127,128,126,127,128,126,127,127,127,127,126,127,125,127,127,128,127,127,127,126,127,127
126,125,127,127,125,126,127,127,126,128,127,126,126,126,127,127,127,126,127,127,127,127,127,127,127,126,127,127,127,127,126,126,127,127,127,128,128,127,126,126,127,127,126,129,127,127,128,127
126,126,127,126,128,126,127,126,127,127,127,126,128,127,127,127,127,126,128,126,126,128,126,128,125,127,126,127,128,125,128,126,127,127,127,126,128,127,127,125,128,127,128,127,127,127,128,127
128,126,127,127,127,126,126,127,127,126,127,127,127,126,127,126,126,126,127,127,127,127,127,127,127,127,127,127,126,127,127,127,127,127,127,127,127,126,127,127,126,128,127,127,127,127,127,126
127,127,126,126,127,126,127,127,127,128,127,127,127,126,126,127,128,127,127,126,127,128,126,128,126,127,126,127,127,127,127,126,127,126,126,127,127,127,125,127,127,127,128,127,127,127,127,127
126,126,128,126,128,128,126,127,127,127,126,127,126,128,127,127,126,127,127,127,127,127,127,127,127,127,127,126,127,127,126,127,127,127,124,128,126,128,126,127,127,127,125,126,127,126,127,127
127,125,127,127,127,127,127,128,126,127,128,127,127,126,127,127,127,127,126,127,126,127,127,126,128,126,126,127,127,128,127,126,126,127,127,126,127,126,126,127,126,126,127,126,126,127,129,127
126,127,127,127,128,127,127,127,127,127,128,127,127,126,127,127,127,127,126,126,127,127,126,127,126,128,127,126,128,127,127,127,127,127,126,127,125,126,127,127,127,126,126,126,127,127,127,128
127,126,127,125,126,126,127,126,126,129,126,126,125,125,127,127,126,127,126,128,126,126,128,127,126,126,126,128,125,127,127,128,127,127,127,128,127,128,125,128,127,127,128,128,128,125,128,127
127,127,127,127,128,127,127,127,126,127,127,127,127,126,127,127,127,127,127,126,128,127,127,125,127,127,127,126,128,127,127,126,126,127,128,127,126,127,127,127,127,127,127,126,127,127,127,127
126,127,127,127,127,127,127,126,127,128,126,127,127,127,127,127,127,125,126,127,126,127,128,126,127,126,126,127,126,127,128,127,126,126,127,127,127,128,126,126,128,127,127,127,127,127,127,128
126,127,126,127,127,126,128,127,126,128,127,127,127,126,127,127,127,128,127,127,127,127,127,128,126,127,126,127,127,127,125,127,127,126,128,127,127,127,126,127,126,126,127,127,127,128,127,127
125,127,127,127,127,127,127,127,127,128,127,127,125,128,127,127,126,126,128,127,127,127,127,128,126,127,127,127,127,125,128,128,126,127,126,128,127,126,125,127,127,126,127,127,127,127,126,128
127,125,127,126,127,128,127,127,126,127,127,127,127,128,128,127,127,127,127,127,127,128,126,127,126,127,126,127,127,127,127,126,127,126,126,127,127,127,127,127,127,127,126,127,128,127,128,127
 Frame Index: 312, Measurement Time(sec): 10.03

127,126,127,127,126,127,125,126,127,125,126,126,127,125,127,125,125,127,126,127,126,127,126,126,126,126,126,124,127,125,126,126,128,127,126,125,126,126,125,125,125,125,125,126,126,125,126,128
128,127,127,128,127,126,128,127,127,128,127,127,127,128,127,126,127,127,127,127,126,127,127,126,126,127,126,127,127,127,127,127,127,128,127,127,127,128,126,126,128,128,127,127,127,126,127,127
127,127,127,126,127,126,127,126,127,127,126,127,127,126,126,127,127,127,126,127,127,127,127,127,127,127,127,125,126,126,127,126,127,127,126,128,126,128,127,127,127,127,127,127,126,127,127,126
126,126,127,127,127,127,127,127,126,126,127,128,127,127,126,126,125,126,127,127,126,127,126,127,125,126,127,126,126,127,127,126,126,127,126,127,126,126,127,126,127,126,126,127,127,127,128,127
126,127,127,127,126,127,127,127,127,127,126,127,127,127,126,127,126,128,126,127,126,127,127,127,126,127,127,128,127,127,127,128,128,127,127,126,126,127,128,127,127,127,127,127,126,127,125,127
128,127,127,127,127,127,127,127,126,127,128,127,127,128,126,127,128,127,127,128,127,125,127,127,128,127,127,127,127,127,127,127,127,127,127,127,128,127,128,127,128,126,127,127,128,126,126,127
126,127,127,127,127,127,126,127,127,127,126,127,127,127,128,127,127,127,124,127,127,127,127,127,127,127,127,126,125,126,127,128,126,127,127,127,127,128,126,127,127,125,126,128,125,127,127,127
127,126,127,127,126,127,127,127,126,127,127,126,127,127,126,127,126,127,127,127,128,127,127,128,126,128,126,126,127,128,127,127,126,127,127,128,128,125,126,127,127,127,126,128,127,127,127,128
128,127,126,126,128,128,127,126,126,127,128,127,126,127,127,127,127,127,126,127,127,127,127,127,126,126,127,127,127,127,126,127,127,127,127,126,127,127,127,126,127,126,126,127,127,127,127,127
127,127,126,127,127,127,128,127,126,127,127,127,127,126,127,126,127,128,125,127,127,126,126,127,127,127,126,127,127,127,126,127,126,127,126,127,127,127,126,126,127,127,125,127,126,127,127,127
127,126,127,125,128,128,128,126,128,127,126,127,127,127,128,127,127,127,127,126,126,126,126,127,125,127,128,128,126,128,127,127,127,127,126,127,127,127,127,128,127,127,127,127,126,126,127,126
126,127,127,127,127,127,127,127,128,127,126,127,127,127,127,127,127,127,127,127,127,127,126,127,127,126,127,127,127,127,128,126,127,127,126,127,126,126,126,127,127,127,126,127,128,126,127,126
127,126,127,126,126,127,127,127,127,128,128,127,126,128,127,127,127,126,127,127,127,127,128,127,127,127,126,127,127,127,127,127,127,127,127,127,126,126,127,126,126,127,127,127,127,127,127,128
128,126,128,127,126,127,127,126,125,127,127,127,127,127,126,127,127,127,125,126,126,125,127,128,127,127,128,127,128,127,126,127,127,127,127,127,127,128,127,126,127,125,126,127,128,126,127,127
126,126,127,128,126,127,126,127,128,128,127,127,127,128,127,128,127,127,127,127,127,128,127,127,126,127,128,127,128,128,125,127,128,127,128,125,127,126,127,127,127,126,127,127,126,128,127,127
127,127,127,127,127,128,128,126,128,127,127,126,127,127,127,127,127,127,127,127,126,126,128,127,127,127,127,127,127,128,126,127,126,127,127,127,127,125,125,127,128,127,126,127,128,127,127,126
126,127,126,127,126,127,127,127,127,128,128,126,126,127,126,127,127,127,126,126,127,127,126,127,125,127,126,126,126,127,127,128,127,128,127,127,127,127,127,128,127,127,127,128,126,127,127,127
126,126,128,128,126,127,128,127,127,128,126,127,127,127,127,128,126,127,128,128,127,126,126,127,127,127,127,126,127,129,127,127,127,126,127,127,127,128,127,126,127,127,127,127,126,126,127,128
127,127,127,126,127,127,127,126,127,126,127,126,127,127,126,127,127,127,126,127,127,127,127,125,127,127,128,126,125,126,126,125,127,127,126,127,127,125,126,127,127,126,127,127,127,126,127,126
127,128,126,127,127,127,126,126,127,126,126,127,128,127,127,126,125,126,127,127,126,126,127,127,127,127,127,127,126,127,126,127,126,127,127,127,127,128,126,126,127,127,127,127,127,126,127,127
126,126,127,126,127,127,127,126,128,127,128,128,127,128,127,127,127,126,126,128,127,127,127,127,127,128,127,127,127,127,126,128,127,127,126,127,125,127,127,127,127,127,127,126,127,127,127,127
127,127,127,127,128,126,127,127,126,126,126,128,126,127,127,126,128,127,128,127,129,127,127,127,126,127,127,127,127,128,127,127,127,128,128,127,126,128,127,127,127,127,127,127,127,127,127,127
127,127,128,127,127,127,126,125,127,128,125,127,127,126,126,127,126,127,126,127,126,127,127,128,127,126,126,127,127,126,127,126,128,127,125,127,126,127,126,127,127,126,127,127,125,127,127,126
126,128,127,128,127,128,128,128,127,128,128,127,128,128,127,126,127,127,128,127,129,128,128,128,127,127,127,128,127,128,126,128,128,127,128,127,128,128,129,127,128,128,126,128,127,127,127,127
126,126,127,126,127,128,127,127,127,127,127,127,127,127,127,127,127,126,126,127,127,127,127,128,126,127,125,127,127,126,128,127,127,127,127,127,127,125,126,127,127,127,126,127,127,127,128,127
126,126,127,127,127,127,127,126,127,127,127,127,127,127,127,127,127,127,126,127,126,127,127,127,127,127,125,127,127,127,126,126,127,127,127,126,127,127,127,127,127,127,127,127,127,127,127,128
127,126,127,127,128,127,127,127,127,128,127,127,128,127,127,127,126,127,126,127,127,128,127,127,127,127,125,127,126,127,126,127,127,127,127,126,127,127,124,126,127,127,127,126,127,127,127,127
126,126,127,127,127,126,127,127,127,127,127,126,127,127,127,127,126,127,127,127,127,127,126,127,126,127,127,127,127,127,127,127,127,127,127,127,127,127,126,127,127,127,128,127,127,127,128,128
129,129,129,129,130,128,129,130,129,130,130,129,129,129,130,128,129,130,129,130,130,128,128,128,130,130,130,129,129,129,128,129,130,128,130,129,129,129,128,129,130,130,130,130,130,129,129,130
126,127,127,127,126,126,126,127,126,127,127,127,128,126,127,127,126,127,127,128,127,128,127,127,127,127,126,127,126,127,127,127,126,127,126,126,127,126,127,128,127,127,127,127,127,127,126,128
127,127,127,127,128,128,127,127,127,127,126,126,126,127,126,127,126,127,127,127,128,127,125,127,126,128,127,126,127,127,125,126,126,127,126,127,127,127,126,127,127,127,126,126,127,126,127,127
126,128,127,127,127,127,127,127,127,127,128,127,126,128,127,127,127,127,127,127,127,127,127,126,127,127,127,127,127,127,127,127,127,127,126,127,127,126,127,127,127,127,127,127,127,127,126,127
127,126,127,127,126,127,127,127,128,127,128,127,127,127,127,127,127,127,127,128,128,126,127,126,127,126,127,126,126,126,127,127,127,126,127,126,125,126,126,126,127,127,126,127,127,127,127,126
126,127,127,127,127,127,127,127,126,127,127,125,127,127,127,127,128,127,127,126,126,127,127,129,125,126,126,127,127,127,126,126,126,127,127,126,128,126,126,128,127,127,127,127,127,127,127,127
127,127,126,127,128,127,126,126,127,128,127,127,127,127,126,127,127,125,127,127,126,127,127,127,126,127,127,127,126,127,128,126,127,127,127,127,126,127,125,127,127,128,127,127,127,126,127,127
126,125,127,127,125,126,127,127,126,128,127,126,126,126,127,127,127,126,127,127,127,127,127,127,127,126,127,127,127,127,126,126,127,127,127,128,128,127,126,126,127,127,126,129,127,127,129,127
126,126,127,126,128,126,127,126,127,127,127,126,128,127,127,127,127,126,128,126,126,128,126,128,125,127,126,128,128,125,127,126,127,127,127,126,128,127,127,125,128,127,128,127,127,127,128,127
128,127,127,127,127,126,126,127,127,126,127,127,127,127,127,126,126,126,127,127,127,127,127,127,127,127,126,127,126,127,127,127,127,127,127,127,127,126,127,127,126,128,127,127,127,127,127,126
127,127,126,126,127,126,127,127,127,128,127,127,127,126,126,127,128,127,127,126,127,128,126,128,126,127,126,127,127,127,127,126,126,126,126,127,127,127,125,127,127,127,128,127,127,127,127,127
127,126,128,126,128,128,126,127,127,127,126,127,126,128,127,127,127,127,127,127,127,127,127,127,127,127,127,126,127,127,126,127,127,127,124,128,126,128,126,127,127,127,125,126,128,126,127,127
127,125,127,127,127,127,127,127,126,127,128,127,127,126,127,127,127,127,126,127,126,127,126,126,128,126,126,127,127,128,127,126,126,127,127,126,127,126,126,127,126,126,127,126,126,126,129,127
126,127,127,127,128,127,127,127,127,127,128,127,127,126,127,127,127,127,126,126,127,127,126,127,126,128,127,126,128,127,127,127,127,127,126,127,125,126,127,127,127,126,126,126,127,127,127,128
127,126,127,125,126,126,127,127,126,129,126,126,125,126,127,127,126,127,126,128,126,126,128,127,126,126,126,128,125,127,127,128,127,127,127,128,127,127,125,128,127,127,128,128,128,126,128,127
127,127,127,127,128,127,127,127,126,127,127,127,127,126,127,127,127,127,127,126,128,127,127,125,127,127,127,126,128,127,127,126,126,127,128,127,126,127,127,127,126,127,127,126,127,127,127,127
126,127,127,127,127,127,127,126,127,128,126,127,127,127,127,127,127,125,126,127,126,127,128,126,127,126,126,127,126,127,128,127,126,126,127,127,127,128,126,126,128,127,127,127,127,127,127,128
126,127,126,127,127,126,128,127,126,128,127,127,127,126,127,127,127,128,127,127,127,127,127,128,126,127,126,127,127,127,125,127,127,126,128,127,127,127,126,127,126,126,127,127,127,128,127,127
125,127,127,127,128,127,127,127,127,128,127,127,125,127,127,127,126,126,128,127,127,127,127,127,126,127,127,127,127,125,128,128,126,127,126,128,127,126,125,127,127,126,127,127,127,126,126,128
127,126,127,126,127,128,127,127,126,127,127,127,127,128,128,127,127,127,127,127,127,128,126,127,126,127,126,127,127,127,127,126,127,126,126,127,127,127,127,127,127,127,126,127,128,127,128,126
 Frame Index: 343, Measurement Time(sec): 11.01

0,0,0,0,0,0,0,132,0,130,0,132,0,131,134,0,0,0,0,133,132,133,132,133,132,132,132,130,133,131,132,133,134,133,132,131,132,132,131,131,131,131,131,132,132,131,132,134
0,0,0,0,0,0,0,133,0,133,0,134,0,134,134,0,0,0,0,133,132,133,133,132,132,133,132,133,133,133,133,134,133,134,133,133,133,134,132,132,134,134,133,133,133,132,133,133
0,0,0,0,0,0,0,133,0,132,0,134,0,132,133,0,0,0,0,133,133,133,133,133,133,133,133,131,132,132,133,132,133,133,132,134,132,134,134,133,133,133,133,133,132,133,133,132
0,0,0,0,0,0,0,133,0,131,0,135,0,133,133,0,0,0,0,134,132,133,131,133,131,132,133,132,132,133,133,132,132,133,132,133,132,132,132,132,133,132,132,133,133,133,134,133
0,0,0,0,0,0,0,134,0,132,0,133,0,133,132,0,0,0,0,134,132,133,133,133,132,133,133,134,133,133,133,134,134,133,133,132,132,133,134,133,133,133,133,133,132,133,131,133
0,0,0,0,0,0,0,133,0,132,0,133,0,134,132,0,0,0,0,134,133,131,133,133,134,133,133,133,133,133,133,133,133,133,133,133,134,133,133,133,134,132,133,133,134,132,132,133
0,0,0,0,0,0,0,134,0,132,0,133,0,133,134,0,0,0,0,133,133,133,133,132,133,133,133,132,131,132,133,134,132,133,133,133,133,134,132,133,133,131,132,134,132,133,133,133
0,0,0,0,0,0,0,133,0,132,0,133,0,133,132,0,0,0,0,134,134,133,133,134,132,134,132,132,133,134,133,133,132,133,133,134,134,131,132,133,133,133,132,134,133,133,133,134
0,0,0,0,0,0,0,133,0,133,0,133,0,133,134,0,0,0,0,133,133,133,133,133,132,132,134,133,133,133,132,133,132,133,133,133,133,133,133,132,133,132,132,133,133,133,133,133
0,0,0,0,0,0,0,133,0,133,0,133,0,132,134,0,0,0,0,133,132,132,132,134,133,133,132,133,133,133,132,133,132,133,132,133,133,133,132,132,133,133,131,133,132,133,133,134
0,0,0,0,0,0,0,133,0,133,0,133,0,133,134,0,0,0,0,132,132,132,132,133,131,133,134,133,132,134,133,133,133,133,132,133,133,133,133,134,133,133,133,133,132,132,133,132
0,0,0,0,0,0,0,133,0,133,0,133,0,133,134,0,0,0,0,133,133,133,132,133,133,132,133,133,133,133,134,133,133,133,132,133,132,132,132,133,133,133,132,133,134,132,133,132
0,0,0,0,0,0,0,133,0,133,0,134,0,134,134,0,0,0,0,134,133,133,134,133,133,133,132,133,133,132,133,133,133,133,133,133,132,132,133,132,132,133,133,133,133,133,133,134
0,0,0,0,0,0,0,133,0,133,0,133,0,133,133,0,0,0,0,133,132,131,133,134,133,133,134,133,134,133,132,133,133,133,133,133,133,134,133,132,133,131,132,133,134,132,133,133
0,0,0,0,0,0,0,134,0,133,0,134,0,133,134,0,0,0,0,133,133,134,133,133,132,133,133,133,133,134,131,133,134,133,134,131,133,132,133,133,133,132,133,133,133,133,133,133
0,0,0,0,0,0,0,133,0,133,0,133,0,133,133,0,0,0,0,133,132,132,134,133,133,133,133,133,133,134,132,133,132,133,133,133,133,131,131,133,134,133,132,133,134,133,133,132
0,0,0,0,0,0,0,133,0,134,0,132,0,133,133,0,0,0,0,133,133,133,132,133,131,133,132,132,132,133,132,134,133,134,133,133,133,133,133,134,133,133,133,134,132,133,133,133
0,0,0,0,0,0,0,0,0,0,0,0,0,0,0,0,0,0,0,0,0,0,0,0,0,0,0,0,0,0,0,0,0,0,0,0,0,0,0,0,0,0,0,0,0,0,0,0
0,0,0,0,0,0,0,0,0,0,0,0,0,0,0,0,0,0,0,0,0,0,0,0,0,0,0,0,0,0,0,0,0,0,0,0,0,0,0,0,0,0,0,0,0,0,0,0
0,0,0,0,0,0,0,0,0,0,0,0,0,0,0,0,0,0,0,0,0,0,0,0,0,0,0,0,0,0,0,0,0,0,0,0,0,0,0,0,0,0,0,0,0,0,0,0
0,0,0,0,0,0,0,0,0,0,0,0,0,0,0,0,0,0,0,0,0,0,0,0,0,0,0,0,0,0,0,0,0,0,0,0,0,0,0,0,0,0,0,0,0,0,0,0
0,0,0,0,0,0,0,0,0,0,0,0,0,0,0,0,0,0,0,0,0,0,0,0,0,0,0,0,0,0,0,0,0,0,0,0,0,0,0,0,0,0,0,0,0,0,0,0
0,0,0,0,0,0,0,0,0,0,0,0,0,0,0,0,0,0,0,0,0,0,0,0,0,0,0,0,0,0,0,0,0,0,0,0,0,0,0,0,0,0,0,0,0,0,0,0
0,0,0,0,0,0,0,0,0,0,0,0,0,0,0,0,0,0,0,0,0,0,0,0,0,0,0,0,0,0,0,0,0,0,0,0,0,0,0,0,0,0,0,0,0,0,0,0
0,0,0,0,0,0,0,133,0,133,0,133,0,133,134,0,0,0,0,134,133,133,133,134,132,133,131,133,133,132,134,133,133,133,133,133,133,131,132,133,133,133,132,133,133,133,134,134
0,0,0,0,0,0,0,132,0,133,0,133,0,133,134,0,0,0,0,133,132,133,133,133,132,133,131,133,133,133,132,133,133,133,133,132,133,133,133,133,133,133,133,133,133,133,133,134
0,0,0,0,0,0,0,133,0,134,0,133,0,133,133,0,0,0,0,133,133,134,133,133,133,133,131,133,132,133,132,134,133,133,133,132,133,133,130,132,133,133,133,132,133,133,133,133
0,0,0,0,0,0,0,134,0,133,0,133,0,133,134,0,0,0,0,133,133,133,132,133,132,133,133,133,133,132,133,134,133,133,133,133,133,133,132,133,133,133,134,133,133,133,134,134
0,0,0,0,0,0,0,136,0,136,0,136,0,135,136,0,0,0,0,136,135,134,134,134,136,136,136,135,134,135,134,135,136,134,136,135,135,135,134,135,136,136,136,135,136,135,135,136
0,0,0,0,0,0,0,133,0,133,0,134,0,132,134,0,0,0,0,134,133,134,133,133,133,133,132,133,132,133,133,134,132,133,132,132,133,132,133,133,133,133,132,133,133,133,132,134
0,0,0,0,0,0,0,133,0,133,0,133,0,133,132,0,0,0,0,133,133,133,131,133,132,134,133,132,133,133,131,132,132,133,132,133,133,133,132,133,133,133,132,132,133,132,133,133
0,0,0,0,0,0,0,133,0,133,0,133,0,134,133,0,0,0,0,133,133,133,133,132,133,133,133,133,133,133,133,133,133,133,132,133,133,132,133,133,133,133,133,133,133,133,132,133
0,0,0,0,0,0,0,133,0,133,0,134,0,133,134,0,0,0,0,134,134,132,133,132,133,132,133,132,132,132,133,133,133,132,133,132,131,132,132,132,133,133,132,133,133,133,133,132
0,0,0,0,0,0,0,134,0,133,0,132,0,133,133,0,0,0,0,133,132,133,133,135,131,132,132,133,133,133,132,132,132,133,133,132,134,132,132,134,133,133,133,133,133,133,133,133
0,0,0,0,0,0,0,133,0,133,0,134,0,133,132,0,0,0,0,134,132,133,133,133,132,132,133,133,132,132,134,133,132,133,133,133,132,133,131,133,133,134,133,133,133,132,133,133
0,0,0,0,0,0,0,133,0,133,0,132,0,132,134,0,0,0,0,133,133,133,133,133,133,132,133,133,133,133,132,132,133,133,133,134,134,133,132,132,133,133,132,135,133,133,134,133
0,0,0,0,0,0,0,132,0,132,0,132,0,133,134,0,0,0,0,132,132,134,132,134,131,133,132,133,134,131,133,133,133,133,133,132,134,133,133,131,134,133,134,133,133,133,134,133
0,0,0,0,0,0,0,134,0,131,0,133,0,133,134,0,0,0,0,134,133,133,133,133,133,133,133,133,132,133,133,133,133,133,133,133,133,132,133,133,132,134,133,133,133,133,133,132
0,0,0,0,0,0,0,133,0,134,0,133,0,132,133,0,0,0,0,133,133,134,132,134,132,133,132,132,133,133,133,132,132,132,132,133,133,133,131,133,133,133,134,133,133,133,133,133
0,0,0,0,0,0,0,133,0,132,0,134,0,134,134,0,0,0,0,133,133,133,133,133,133,133,133,132,133,133,132,133,133,133,130,134,132,134,132,133,133,133,131,132,133,132,133,133
0,0,0,0,0,0,0,134,0,132,0,133,0,133,134,0,0,0,0,133,132,133,132,132,134,132,132,133,133,134,133,133,132,133,133,132,133,132,132,133,132,132,133,132,132,133,135,133
0,0,0,0,0,0,0,133,0,131,0,134,0,132,134,0,0,0,0,132,133,133,132,133,132,134,133,132,133,133,133,133,133,133,132,133,131,132,133,132,133,132,132,132,133,133,133,134
0,0,0,0,0,0,0,133,0,133,0,133,0,132,134,0,0,0,0,134,132,132,134,133,132,132,132,134,131,133,133,134,133,133,133,134,133,133,131,134,132,133,134,134,134,132,134,133
0,0,0,0,0,0,0,133,0,132,0,134,0,132,133,0,0,0,0,132,134,133,133,131,133,133,133,132,134,133,133,133,132,133,134,133,132,133,133,134,133,133,133,133,134,133,134,133
0,0,0,0,0,0,0,133,0,0,0,134,0,133,134,0,0,0,0,134,132,133,134,133,133,132,133,134,132,134,134,134,133,133,134,133,134,134,133,133,134,134,133,133,133,133,134,134
0,0,0,0,0,0,0,134,0,133,0,133,0,132,134,0,0,0,0,134,133,133,133,134,132,133,132,133,133,133,131,133,133,132,134,133,133,133,133,133,133,132,134,133,134,134,133,133
0,0,0,0,0,0,0,134,0,0,0,134,0,134,134,0,0,0,0,133,133,133,133,134,132,133,133,133,133,131,134,134,132,133,132,134,132,132,131,133,133,132,133,133,133,132,132,134
0,0,0,0,0,0,0,133,0,132,0,134,0,134,134,0,0,0,0,133,133,134,132,133,132,133,132,133,133,133,133,133,133,132,132,133,133,133,133,133,133,133,132,133,134,133,134,132
 Frame Index: 374, Measurement Time(sec): 12.02

0,0,0,0,0,0,0,0,0,0,0,0,0,0,0,0,0,0,0,0,0,0,0,0,0,0,0,0,0,0,0,0,0,0,0,0,0,0,0,0,0,0,0,0,0,0,0,0
0,0,0,0,0,0,0,0,0,0,0,0,0,0,0,0,0,0,0,0,0,0,0,0,0,0,0,0,0,0,0,0,0,0,0,0,0,0,0,0,0,0,0,0,0,0,0,0
0,0,0,0,0,0,0,0,0,0,0,0,0,0,0,0,0,0,0,0,0,0,0,0,0,0,0,0,0,0,0,0,0,0,0,0,0,0,0,0,0,0,0,0,0,0,0,0
0,0,0,0,0,0,0,0,0,0,0,0,0,0,0,0,0,0,0,0,0,0,0,0,0,0,0,0,0,0,0,0,0,0,0,0,0,0,0,0,0,0,0,0,0,0,0,0
0,0,0,0,0,0,0,0,0,0,0,0,0,0,0,0,0,0,0,0,0,0,0,0,0,0,0,0,0,0,0,0,0,0,0,0,0,0,0,0,0,0,0,0,0,0,0,0
0,0,0,0,0,0,0,0,0,0,0,0,0,0,0,0,0,0,0,0,0,0,0,0,0,0,0,0,0,0,0,0,0,0,0,0,0,0,0,0,0,0,0,0,0,0,0,0
0,0,0,0,0,0,0,0,0,0,0,0,0,0,0,0,0,0,0,0,0,0,0,0,0,0,0,0,0,0,0,0,0,0,0,0,0,0,0,0,0,0,0,0,0,0,0,0
0,0,0,0,0,0,0,0,0,0,0,0,0,0,0,0,0,0,0,0,0,0,0,0,0,0,0,0,0,0,0,0,0,0,0,0,0,0,0,0,0,0,0,0,0,0,0,0
0,0,0,0,0,0,0,0,0,0,0,0,0,0,0,0,0,0,0,0,0,0,0,0,0,0,0,0,0,0,0,0,0,0,0,0,0,0,0,0,0,0,0,0,0,0,0,0
0,0,0,0,0,0,0,0,0,0,0,0,0,0,0,0,0,0,0,0,0,0,0,0,0,0,0,0,0,0,0,0,0,0,0,0,0,0,0,0,0,0,0,0,0,0,0,0
0,0,0,0,0,0,0,0,0,0,0,0,0,0,0,0,0,0,0,0,0,0,0,0,0,0,0,0,0,0,0,0,0,0,0,0,0,0,0,0,0,0,0,0,0,0,0,0
0,0,0,0,0,0,0,0,0,0,0,0,0,0,0,0,0,0,0,0,0,0,0,0,0,0,0,0,0,0,0,0,0,0,0,0,0,0,0,0,0,0,0,0,0,0,0,0
0,0,0,0,0,0,0,0,0,0,0,0,0,0,0,0,0,0,0,0,0,0,0,0,0,0,0,0,0,0,0,0,0,0,0,0,0,0,0,0,0,0,0,0,0,0,0,0
0,0,0,0,0,0,0,0,0,0,0,0,0,0,0,0,0,0,0,0,0,0,0,0,0,0,0,0,0,0,0,0,0,0,0,0,0,0,0,0,0,0,0,0,0,0,0,0
0,0,0,0,0,0,0,0,0,0,0,0,0,0,0,0,0,0,0,0,0,0,0,0,0,0,0,0,0,0,0,0,0,0,0,0,0,0,0,0,0,0,0,0,0,0,0,0
0,0,0,0,0,0,0,0,0,0,0,0,0,0,0,0,0,0,0,0,0,0,0,0,0,0,0,0,0,0,0,0,0,0,0,0,0,0,0,0,0,0,0,0,0,0,0,0
0,0,0,0,0,0,0,0,0,0,0,0,0,0,0,0,0,0,0,0,0,0,0,0,0,0,0,0,0,0,0,0,0,0,0,0,0,0,0,0,0,0,0,0,0,0,0,0
0,0,0,0,0,0,0,0,0,0,0,0,0,0,0,0,0,0,0,0,0,0,0,0,0,0,0,0,0,0,0,0,0,0,0,0,0,0,0,0,0,0,0,0,0,0,0,0
0,0,0,0,0,0,0,0,0,0,0,0,0,0,0,0,0,0,0,0,0,0,0,0,0,0,0,0,0,0,0,0,0,0,0,0,0,0,0,0,0,0,0,0,0,0,0,0
0,0,0,0,0,0,0,0,0,0,0,0,0,0,0,0,0,0,0,0,0,0,0,0,0,0,0,0,0,0,0,0,0,0,0,0,0,0,0,0,0,0,0,0,0,0,0,0
0,0,0,0,0,0,0,0,0,0,0,0,0,0,0,0,0,0,0,0,0,0,0,0,0,0,0,0,0,0,0,0,0,0,0,0,0,0,0,0,0,0,0,0,0,0,0,0
0,0,0,0,0,0,0,0,0,0,0,0,0,0,0,0,0,0,0,0,0,0,0,0,0,0,0,0,0,0,0,0,0,0,0,0,0,0,0,0,0,0,0,0,0,0,0,0
0,0,0,0,0,0,0,0,0,0,0,0,0,0,0,0,0,0,0,0,0,0,0,0,0,0,0,0,0,0,0,0,0,0,0,0,0,0,0,0,0,0,0,0,0,0,0,0
0,0,0,0,0,0,0,0,0,0,0,0,0,0,0,0,0,0,0,0,0,0,0,0,0,0,0,0,0,0,0,0,0,0,0,0,0,0,0,0,0,0,0,0,0,0,0,0
0,0,0,0,0,0,0,0,0,0,0,0,0,0,0,0,0,0,0,0,0,0,0,0,0,0,0,0,0,0,0,0,0,0,0,0,0,0,0,0,0,0,0,0,0,0,0,0
0,0,0,0,0,0,0,0,0,0,0,0,0,0,0,0,0,0,0,0,0,0,0,0,0,0,0,0,0,0,0,0,0,0,0,0,0,0,0,0,0,0,0,0,0,0,0,0
0,0,0,0,0,0,0,0,0,0,0,0,0,0,0,0,0,0,0,0,0,0,0,0,0,0,0,0,0,0,0,0,0,0,0,0,0,0,0,0,0,0,0,0,0,0,0,0
0,0,0,0,0,0,0,0,0,0,0,0,0,0,0,0,0,0,0,0,0,0,0,0,0,0,0,0,0,0,0,0,0,0,0,0,0,0,0,0,0,0,0,0,0,0,0,0
0,0,0,0,0,0,0,0,0,0,0,0,0,0,0,0,0,0,0,0,0,0,0,0,0,0,0,0,0,0,0,0,0,0,0,0,0,0,0,0,0,0,0,0,0,0,0,0
0,0,0,0,0,0,0,0,0,0,0,0,0,0,0,0,0,0,0,0,0,0,0,0,0,0,0,0,0,0,0,0,0,0,0,0,0,0,0,0,0,0,0,0,0,0,0,0
0,0,0,0,0,0,0,0,0,0,0,0,0,0,0,0,0,0,0,0,0,0,0,0,0,0,0,0,0,0,0,0,0,0,0,0,0,0,0,0,0,0,0,0,0,0,0,0
0,0,0,0,0,0,0,0,0,0,0,0,0,0,0,0,0,0,0,0,0,0,0,0,0,0,0,0,0,0,0,0,0,0,0,0,0,0,0,0,0,0,0,0,0,0,0,0
0,0,0,0,0,0,0,0,0,0,0,0,0,0,0,0,0,0,0,0,0,0,0,0,0,0,0,0,0,0,0,0,0,0,0,0,0,0,0,0,0,0,0,0,0,0,0,0
0,0,0,0,0,0,0,0,0,0,0,0,0,0,0,0,0,0,0,0,0,0,0,0,0,0,0,0,0,0,0,0,0,0,0,0,0,0,0,0,0,0,0,0,0,0,0,0
0,0,0,0,0,0,0,0,0,0,0,0,0,0,0,0,0,0,0,0,0,0,0,0,0,0,0,0,0,0,0,0,0,0,0,0,0,0,0,0,0,0,0,0,0,0,0,0
0,0,0,0,0,0,0,0,0,0,0,0,0,0,0,0,0,0,0,0,0,0,0,0,0,0,0,0,0,0,0,0,0,0,0,0,0,0,0,0,0,0,0,0,0,0,0,0
0,0,0,0,0,0,0,0,0,0,0,0,0,0,0,0,0,0,0,0,0,0,0,0,0,0,0,0,0,0,0,0,0,0,0,0,0,0,0,0,0,0,0,0,0,0,0,0
0,0,0,0,0,0,0,0,0,0,0,0,0,0,0,0,0,0,0,0,0,0,0,0,0,0,0,0,0,0,0,0,0,0,0,0,0,0,0,0,0,0,0,0,0,0,0,0
0,0,0,0,0,0,0,0,0,0,0,0,0,0,0,0,0,0,0,0,0,0,0,0,0,0,0,0,0,0,0,0,0,0,0,0,0,0,0,0,0,0,0,0,0,0,0,0
0,0,0,0,0,0,0,0,0,0,0,0,0,0,0,0,0,0,0,0,0,0,0,0,0,0,0,0,0,0,0,0,0,0,0,0,0,0,0,0,0,0,0,0,0,0,0,0
0,0,0,0,0,0,0,0,0,0,0,0,0,0,0,0,0,0,0,0,0,0,0,0,0,0,0,0,0,0,0,0,0,0,0,0,0,0,0,0,0,0,0,0,0,0,0,0
0,0,0,0,0,0,0,0,0,0,0,0,0,0,0,0,0,0,0,0,0,0,0,0,0,0,0,0,0,0,0,0,0,0,0,0,0,0,0,0,0,0,0,0,0,0,0,0
0,0,0,0,0,0,0,0,0,0,0,0,0,0,0,0,0,0,0,0,0,0,0,0,0,0,0,0,0,0,0,0,0,0,0,0,0,0,0,0,0,0,0,0,0,0,0,0
0,0,0,0,0,0,0,0,0,0,0,0,0,0,0,0,0,0,0,0,0,0,0,0,0,0,0,0,0,0,0,0,0,0,0,0,0,0,0,0,0,0,0,0,0,0,0,0
0,0,0,0,0,0,0,0,0,0,0,0,0,0,0,0,0,0,0,0,0,0,0,0,0,0,0,0,0,0,0,0,0,0,0,0,0,0,0,0,0,0,0,0,0,0,0,0
0,0,0,0,0,0,0,0,0,0,0,0,0,0,0,0,0,0,0,0,0,0,0,0,0,0,0,0,0,0,0,0,0,0,0,0,0,0,0,0,0,0,0,0,0,0,0,0
0,0,0,0,0,0,0,0,0,0,0,0,0,0,0,0,0,0,0,0,0,0,0,0,0,0,0,0,0,0,0,0,0,0,0,0,0,0,0,0,0,0,0,0,0,0,0,0
0,0,0,0,0,0,0,0,0,0,0,0,0,0,0,0,0,0,0,0,0,0,0,0,0,0,0,0,0,0,0,0,0,0,0,0,0,0,0,0,0,0,0,0,0,0,0,0
 Frame Index: 406, Measurement Time(sec): 13.02

0,0,0,0,0,0,0,0,0,0,0,0,0,0,0,0,0,0,0,0,0,0,0,0,0,0,0,0,0,0,0,0,0,0,0,0,0,0,0,0,0,0,0,0,0,0,0,0
0,0,0,0,0,0,0,0,0,0,0,0,0,0,0,0,0,0,0,0,0,0,0,0,0,0,0,0,0,0,0,0,0,0,0,0,0,0,0,0,0,0,0,0,0,0,0,0
0,0,0,0,0,0,0,0,0,0,0,0,0,0,0,0,0,0,0,0,0,0,0,0,0,0,0,0,0,0,0,0,0,0,0,0,0,0,0,0,0,0,0,0,0,0,0,0
0,0,0,0,0,0,0,0,0,0,0,0,0,0,0,0,0,0,0,0,0,0,0,0,0,0,0,0,0,0,0,0,0,0,0,0,0,0,0,0,0,0,0,0,0,0,0,0
0,0,0,0,0,0,0,0,0,0,0,0,0,0,0,0,0,0,0,0,0,0,0,0,0,0,0,0,0,0,0,0,0,0,0,0,0,0,0,0,0,0,0,0,0,0,0,0
0,0,0,0,0,0,0,0,0,0,0,0,0,0,0,0,0,0,0,0,0,0,0,0,0,0,0,0,0,0,0,0,0,0,0,0,0,0,0,0,0,0,0,0,0,0,0,0
0,0,0,0,0,0,0,0,0,0,0,0,0,0,0,0,0,0,0,0,0,0,0,0,0,0,0,0,0,0,0,0,0,0,0,0,0,0,0,0,0,0,0,0,0,0,0,0
0,0,0,0,0,0,0,0,0,0,0,0,0,0,0,0,0,0,0,0,0,0,0,0,0,0,0,0,0,0,0,0,0,0,0,0,0,0,0,0,0,0,0,0,0,0,0,0
0,0,0,0,0,0,0,0,0,0,0,0,0,0,0,0,0,0,0,0,0,0,0,0,0,0,0,0,0,0,0,0,0,0,0,0,0,0,0,0,0,0,0,0,0,0,0,0
0,0,0,0,0,0,0,0,0,0,0,0,0,0,0,0,0,0,0,0,0,0,0,0,0,0,0,0,0,0,0,0,0,0,0,0,0,0,0,0,0,0,0,0,0,0,0,0
0,0,0,0,0,0,0,0,0,0,0,0,0,0,0,0,0,0,0,0,0,0,0,0,0,0,0,0,0,0,0,0,0,0,0,0,0,0,0,0,0,0,0,0,0,0,0,0
0,0,0,0,0,0,0,0,0,0,0,0,0,0,0,0,0,0,0,0,0,0,0,0,0,0,0,0,0,0,0,0,0,0,0,0,0,0,0,0,0,0,0,0,0,0,0,0
0,0,0,0,0,0,0,0,0,0,0,0,0,0,0,0,0,0,0,0,0,0,0,0,0,0,0,0,0,0,0,0,0,0,0,0,0,0,0,0,0,0,0,0,0,0,0,0
0,0,0,0,0,0,0,0,0,0,0,0,0,0,0,0,0,0,0,0,0,0,0,0,0,0,0,0,0,0,0,0,0,0,0,0,0,0,0,0,0,0,0,0,0,0,0,0
0,0,0,0,0,0,0,0,0,0,0,0,0,0,0,0,0,0,0,0,0,0,0,0,0,0,0,0,0,0,0,0,0,0,0,0,0,0,0,0,0,0,0,0,0,0,0,0
0,0,0,0,0,0,0,0,0,0,0,0,0,0,0,0,0,0,0,0,0,0,0,0,0,0,0,0,0,0,0,0,0,0,0,0,0,0,0,0,0,0,0,0,0,0,0,0
0,0,0,0,0,0,0,0,0,0,0,0,0,0,0,0,0,0,0,0,0,0,0,0,0,0,0,0,0,0,0,0,0,0,0,0,0,0,0,0,0,0,0,0,0,0,0,0
0,0,0,0,0,0,0,0,0,0,0,0,0,0,0,0,0,0,0,0,0,0,0,0,0,0,0,0,0,0,0,0,0,0,0,0,0,0,0,0,0,0,0,0,0,0,0,0
0,0,0,0,0,0,0,0,0,0,0,0,0,0,0,0,0,0,0,0,0,0,0,0,0,0,0,0,0,0,0,0,0,0,0,0,0,0,0,0,0,0,0,0,0,0,0,0
0,0,0,0,0,0,0,0,0,0,0,0,0,0,0,0,0,0,0,0,0,0,0,0,0,0,0,0,0,0,0,0,0,0,0,0,0,0,0,0,0,0,0,0,0,0,0,0
0,0,0,0,0,0,0,0,0,0,0,0,0,0,0,0,0,0,0,0,0,0,0,0,0,0,0,0,0,0,0,0,0,0,0,0,0,0,0,0,0,0,0,0,0,0,0,0
0,0,0,0,0,0,0,0,0,0,0,0,0,0,0,0,0,0,0,0,0,0,0,0,0,0,0,0,0,0,0,0,0,0,0,0,0,0,0,0,0,0,0,0,0,0,0,0
0,0,0,0,0,0,0,0,0,0,0,0,0,0,0,0,0,0,0,0,0,0,0,0,0,0,0,0,0,0,0,0,0,0,0,0,0,0,0,0,0,0,0,0,0,0,0,0
0,0,0,0,0,0,0,0,0,0,0,0,0,0,0,0,0,0,0,0,0,0,0,0,0,0,0,0,0,0,0,0,0,0,0,0,0,0,0,0,0,0,0,0,0,0,0,0
0,0,0,0,0,0,0,0,0,0,0,0,0,0,0,0,0,0,0,0,0,0,0,0,0,0,0,0,0,0,0,0,0,0,0,0,0,0,0,0,0,0,0,0,0,0,0,0
0,0,0,0,0,0,0,0,0,0,0,0,0,0,0,0,0,0,0,0,0,0,0,0,0,0,0,0,0,0,0,0,0,0,0,0,0,0,0,0,0,0,0,0,0,0,0,0
0,0,0,0,0,0,0,0,0,0,0,0,0,0,0,0,0,0,0,0,0,0,0,0,0,0,0,0,0,0,0,0,0,0,0,0,0,0,0,0,0,0,0,0,0,0,0,0
0,0,0,0,0,0,0,0,0,0,0,0,0,0,0,0,0,0,0,0,0,0,0,0,0,0,0,0,0,0,0,0,0,0,0,0,0,0,0,0,0,0,0,0,0,0,0,0
0,0,0,0,0,0,0,0,0,0,0,0,0,0,0,0,0,0,0,0,0,0,0,0,0,0,0,0,0,0,0,0,0,0,0,0,0,0,0,0,0,0,0,0,0,0,0,0
0,0,0,0,0,0,0,0,0,0,0,0,0,0,0,0,0,0,0,0,0,0,0,0,0,0,0,0,0,0,0,0,0,0,0,0,0,0,0,0,0,0,0,0,0,0,0,0
0,0,0,0,0,0,0,0,0,0,0,0,0,0,0,0,0,0,0,0,0,0,0,0,0,0,0,0,0,0,0,0,0,0,0,0,0,0,0,0,0,0,0,0,0,0,0,0
0,0,0,0,0,0,0,0,0,0,0,0,0,0,0,0,0,0,0,0,0,0,0,0,0,0,0,0,0,0,0,0,0,0,0,0,0,0,0,0,0,0,0,0,0,0,0,0
0,0,0,0,0,0,0,0,0,0,0,0,0,0,0,0,0,0,0,0,0,0,0,0,0,0,0,0,0,0,0,0,0,0,0,0,0,0,0,0,0,0,0,0,0,0,0,0
0,0,0,0,0,0,0,0,0,0,0,0,0,0,0,0,0,0,0,0,0,0,0,0,0,0,0,0,0,0,0,0,0,0,0,0,0,0,0,0,0,0,0,0,0,0,0,0
0,0,0,0,0,0,0,0,0,0,0,0,0,0,0,0,0,0,0,0,0,0,0,0,0,0,0,0,0,0,0,0,0,0,0,0,0,0,0,0,0,0,0,0,0,0,0,0
0,0,0,0,0,0,0,0,0,0,0,0,0,0,0,0,0,0,0,0,0,0,0,0,0,0,0,0,0,0,0,0,0,0,0,0,0,0,0,0,0,0,0,0,0,0,0,0
0,0,0,0,0,0,0,0,0,0,0,0,0,0,0,0,0,0,0,0,0,0,0,0,0,0,0,0,0,0,0,0,0,0,0,0,0,0,0,0,0,0,0,0,0,0,0,0
0,0,0,0,0,0,0,0,0,0,0,0,0,0,0,0,0,0,0,0,0,0,0,0,0,0,0,0,0,0,0,0,0,0,0,0,0,0,0,0,0,0,0,0,0,0,0,0
0,0,0,0,0,0,0,0,0,0,0,0,0,0,0,0,0,0,0,0,0,0,0,0,0,0,0,0,0,0,0,0,0,0,0,0,0,0,0,0,0,0,0,0,0,0,0,0
0,0,0,0,0,0,0,0,0,0,0,0,0,0,0,0,0,0,0,0,0,0,0,0,0,0,0,0,0,0,0,0,0,0,0,0,0,0,0,0,0,0,0,0,0,0,0,0
0,0,0,0,0,0,0,0,0,0,0,0,0,0,0,0,0,0,0,0,0,0,0,0,0,0,0,0,0,0,0,0,0,0,0,0,0,0,0,0,0,0,0,0,0,0,0,0
0,0,0,0,0,0,0,0,0,0,0,0,0,0,0,0,0,0,0,0,0,0,0,0,0,0,0,0,0,0,0,0,0,0,0,0,0,0,0,0,0,0,0,0,0,0,0,0
0,0,0,0,0,0,0,0,0,0,0,0,0,0,0,0,0,0,0,0,0,0,0,0,0,0,0,0,0,0,0,0,0,0,0,0,0,0,0,0,0,0,0,0,0,0,0,0
0,0,0,0,0,0,0,0,0,0,0,0,0,0,0,0,0,0,0,0,0,0,0,0,0,0,0,0,0,0,0,0,0,0,0,0,0,0,0,0,0,0,0,0,0,0,0,0
0,0,0,0,0,0,0,0,0,0,0,0,0,0,0,0,0,0,0,0,0,0,0,0,0,0,0,0,0,0,0,0,0,0,0,0,0,0,0,0,0,0,0,0,0,0,0,0
0,0,0,0,0,0,0,0,0,0,0,0,0,0,0,0,0,0,0,0,0,0,0,0,0,0,0,0,0,0,0,0,0,0,0,0,0,0,0,0,0,0,0,0,0,0,0,0
0,0,0,0,0,0,0,0,0,0,0,0,0,0,0,0,0,0,0,0,0,0,0,0,0,0,0,0,0,0,0,0,0,0,0,0,0,0,0,0,0,0,0,0,0,0,0,0
0,0,0,0,0,0,0,0,0,0,0,0,0,0,0,0,0,0,0,0,0,0,0,0,0,0,0,0,0,0,0,0,0,0,0,0,0,0,0,0,0,0,0,0,0,0,0,0
 Frame Index: 437, Measurement Time(sec): 14.00

0,0,0,0,0,0,0,0,0,0,0,0,0,0,0,0,0,0,0,0,0,0,0,0,0,0,0,0,0,0,0,0,0,0,0,0,0,0,0,0,0,0,0,0,0,0,0,0
0,0,0,0,0,0,0,0,0,0,0,0,0,0,0,0,0,0,0,0,0,0,0,0,0,0,0,0,0,0,0,0,0,0,0,0,0,0,0,0,0,0,0,0,0,0,0,0
0,0,0,0,0,0,0,0,0,0,0,0,0,0,0,0,0,0,0,0,0,0,0,0,0,0,0,0,0,0,0,0,0,0,0,0,0,0,0,0,0,0,0,0,0,0,0,0
0,0,0,0,0,0,0,0,0,0,0,0,0,0,0,0,0,0,0,0,0,0,0,0,0,0,0,0,0,0,0,0,0,0,0,0,0,0,0,0,0,0,0,0,0,0,0,0
0,0,0,0,0,0,0,0,0,0,0,0,0,0,0,0,0,0,0,0,0,0,0,0,0,0,0,0,0,0,0,0,0,0,0,0,0,0,0,0,0,0,0,0,0,0,0,0
0,0,0,0,0,0,0,0,0,0,0,0,0,0,0,0,0,0,0,0,0,0,0,0,0,0,0,0,0,0,0,0,0,0,0,0,0,0,0,0,0,0,0,0,0,0,0,0
0,0,0,0,0,0,0,0,0,0,0,0,0,0,0,0,0,0,0,0,0,0,0,0,0,0,0,0,0,0,0,0,0,0,0,0,0,0,0,0,0,0,0,0,0,0,0,0
0,0,0,0,0,0,0,0,0,0,0,0,0,0,0,0,0,0,0,0,0,0,0,0,0,0,0,0,0,0,0,0,0,0,0,0,0,0,0,0,0,0,0,0,0,0,0,0
0,0,0,0,0,0,0,0,0,0,0,0,0,0,0,0,0,0,0,0,0,0,0,0,0,0,0,0,0,0,0,0,0,0,0,0,0,0,0,0,0,0,0,0,0,0,0,0
0,0,0,0,0,0,0,0,0,0,0,0,0,0,0,0,0,0,0,0,0,0,0,0,0,0,0,0,0,0,0,0,0,0,0,0,0,0,0,0,0,0,0,0,0,0,0,0
0,0,0,0,0,0,0,0,0,0,0,0,0,0,0,0,0,0,0,0,0,0,0,0,0,0,0,0,0,0,0,0,0,0,0,0,0,0,0,0,0,0,0,0,0,0,0,0
0,0,0,0,0,0,0,0,0,0,0,0,0,0,0,0,0,0,0,0,0,0,0,0,0,0,0,0,0,0,0,0,0,0,0,0,0,0,0,0,0,0,0,0,0,0,0,0
0,0,0,0,0,0,0,0,0,0,0,0,0,0,0,0,0,0,0,0,0,0,0,0,0,0,0,0,0,0,0,0,0,0,0,0,0,0,0,0,0,0,0,0,0,0,0,0
0,0,0,0,0,0,0,0,0,0,0,0,0,0,0,0,0,0,0,0,0,0,0,0,0,0,0,0,0,0,0,0,0,0,0,0,0,0,0,0,0,0,0,0,0,0,0,0
0,0,0,0,0,0,0,0,0,0,0,0,0,0,0,0,0,0,0,0,0,0,0,0,0,0,0,0,0,0,0,0,0,0,0,0,0,0,0,0,0,0,0,0,0,0,0,0
0,0,0,0,0,0,0,0,0,0,0,0,0,0,0,0,0,0,0,0,0,0,0,0,0,0,0,0,0,0,0,0,0,0,0,0,0,0,0,0,0,0,0,0,0,0,0,0
0,0,0,0,0,0,0,0,0,0,0,0,0,0,0,0,0,0,0,0,0,0,0,0,0,0,0,0,0,0,0,0,0,0,0,0,0,0,0,0,0,0,0,0,0,0,0,0
0,0,0,0,0,0,0,0,0,0,0,0,0,0,0,0,0,0,0,0,0,0,0,0,0,0,0,0,0,0,0,0,0,0,0,0,0,0,0,0,0,0,0,0,0,0,0,0
0,0,0,0,0,0,0,0,0,0,0,0,0,0,0,0,0,0,0,0,0,0,0,0,0,0,0,0,0,0,0,0,0,0,0,0,0,0,0,0,0,0,0,0,0,0,0,0
0,0,0,0,0,0,0,0,0,0,0,0,0,0,0,0,0,0,0,0,0,0,0,0,0,0,0,0,0,0,0,0,0,0,0,0,0,0,0,0,0,0,0,0,0,0,0,0
0,0,0,0,0,0,0,0,0,0,0,0,0,0,0,0,0,0,0,0,0,0,0,0,0,0,0,0,0,0,0,0,0,0,0,0,0,0,0,0,0,0,0,0,0,0,0,0
0,0,0,0,0,0,0,0,0,0,0,0,0,0,0,0,0,0,0,0,0,0,0,0,0,0,0,0,0,0,0,0,0,0,0,0,0,0,0,0,0,0,0,0,0,0,0,0
0,0,0,0,0,0,0,0,0,0,0,0,0,0,0,0,0,0,0,0,0,0,0,0,0,0,0,0,0,0,0,0,0,0,0,0,0,0,0,0,0,0,0,0,0,0,0,0
0,0,0,0,0,0,0,0,0,0,0,0,0,0,0,0,0,0,0,0,0,0,0,0,0,0,0,0,0,0,0,0,0,0,0,0,0,0,0,0,0,0,0,0,0,0,0,0
0,0,0,0,0,0,0,0,0,0,0,0,0,0,0,0,0,0,0,0,0,0,0,0,0,0,0,0,0,0,0,0,0,0,0,0,0,0,0,0,0,0,0,0,0,0,0,0
0,0,0,0,0,0,0,0,0,0,0,0,0,0,0,0,0,0,0,0,0,0,0,0,0,0,0,0,0,0,0,0,0,0,0,0,0,0,0,0,0,0,0,0,0,0,0,0
0,0,0,0,0,0,0,0,0,0,0,0,0,0,0,0,0,0,0,0,0,0,0,0,0,0,0,0,0,0,0,0,0,0,0,0,0,0,0,0,0,0,0,0,0,0,0,0
0,0,0,0,0,0,0,0,0,0,0,0,0,0,0,0,0,0,0,0,0,0,0,0,0,0,0,0,0,0,0,0,0,0,0,0,0,0,0,0,0,0,0,0,0,0,0,0
0,0,0,0,0,0,0,0,0,0,0,0,0,0,0,0,0,0,0,0,0,0,0,0,0,0,0,0,0,0,0,0,0,0,0,0,0,0,0,0,0,0,0,0,0,0,0,0
0,0,0,0,0,0,0,0,0,0,0,0,0,0,0,0,0,0,0,0,0,0,0,0,0,0,0,0,0,0,0,0,0,0,0,0,0,0,0,0,0,0,0,0,0,0,0,0
0,0,0,0,0,0,0,0,0,0,0,0,0,0,0,0,0,0,0,0,0,0,0,0,0,0,0,0,0,0,0,0,0,0,0,0,0,0,0,0,0,0,0,0,0,0,0,0
0,0,0,0,0,0,0,0,0,0,0,0,0,0,0,0,0,0,0,0,0,0,0,0,0,0,0,0,0,0,0,0,0,0,0,0,0,0,0,0,0,0,0,0,0,0,0,0
0,0,0,0,0,0,0,0,0,0,0,0,0,0,0,0,0,0,0,0,0,0,0,0,0,0,0,0,0,0,0,0,0,0,0,0,0,0,0,0,0,0,0,0,0,0,0,0
0,0,0,0,0,0,0,0,0,0,0,0,0,0,0,0,0,0,0,0,0,0,0,0,0,0,0,0,0,0,0,0,0,0,0,0,0,0,0,0,0,0,0,0,0,0,0,0
0,0,0,0,0,0,0,0,0,0,0,0,0,0,0,0,0,0,0,0,0,0,0,0,0,0,0,0,0,0,0,0,0,0,0,0,0,0,0,0,0,0,0,0,0,0,0,0
0,0,0,0,0,0,0,0,0,0,0,0,0,0,0,0,0,0,0,0,0,0,0,0,0,0,0,0,0,0,0,0,0,0,0,0,0,0,0,0,0,0,0,0,0,0,0,0
0,0,0,0,0,0,0,0,0,0,0,0,0,0,0,0,0,0,0,0,0,0,0,0,0,0,0,0,0,0,0,0,0,0,0,0,0,0,0,0,0,0,0,0,0,0,0,0
0,0,0,0,0,0,0,0,0,0,0,0,0,0,0,0,0,0,0,0,0,0,0,0,0,0,0,0,0,0,0,0,0,0,0,0,0,0,0,0,0,0,0,0,0,0,0,0
0,0,0,0,0,0,0,0,0,0,0,0,0,0,0,0,0,0,0,0,0,0,0,0,0,0,0,0,0,0,0,0,0,0,0,0,0,0,0,0,0,0,0,0,0,0,0,0
0,0,0,0,0,0,0,0,0,0,0,0,0,0,0,0,0,0,0,0,0,0,0,0,0,0,0,0,0,0,0,0,0,0,0,0,0,0,0,0,0,0,0,0,0,0,0,0
0,0,0,0,0,0,0,0,0,0,0,0,0,0,0,0,0,0,0,0,0,0,0,0,0,0,0,0,0,0,0,0,0,0,0,0,0,0,0,0,0,0,0,0,0,0,0,0
0,0,0,0,0,0,0,0,0,0,0,0,0,0,0,0,0,0,0,0,0,0,0,0,0,0,0,0,0,0,0,0,0,0,0,0,0,0,0,0,0,0,0,0,0,0,0,0
0,0,0,0,0,0,0,0,0,0,0,0,0,0,0,0,0,0,0,0,0,0,0,0,0,0,0,0,0,0,0,0,0,0,0,0,0,0,0,0,0,0,0,0,0,0,0,0
0,0,0,0,0,0,0,0,0,0,0,0,0,0,0,0,0,0,0,0,0,0,0,0,0,0,0,0,0,0,0,0,0,0,0,0,0,0,0,0,0,0,0,0,0,0,0,0
0,0,0,0,0,0,0,0,0,0,0,0,0,0,0,0,0,0,0,0,0,0,0,0,0,0,0,0,0,0,0,0,0,0,0,0,0,0,0,0,0,0,0,0,0,0,0,0
0,0,0,0,0,0,0,0,0,0,0,0,0,0,0,0,0,0,0,0,0,0,0,0,0,0,0,0,0,0,0,0,0,0,0,0,0,0,0,0,0,0,0,0,0,0,0,0
0,0,0,0,0,0,0,0,0,0,0,0,0,0,0,0,0,0,0,0,0,0,0,0,0,0,0,0,0,0,0,0,0,0,0,0,0,0,0,0,0,0,0,0,0,0,0,0
0,0,0,0,0,0,0,0,0,0,0,0,0,0,0,0,0,0,0,0,0,0,0,0,0,0,0,0,0,0,0,0,0,0,0,0,0,0,0,0,0,0,0,0,0,0,0,0
